date;plate_id;plate_name;sample_id;well_A01;well_01A;tissue_id;dna_person;notes;tissue_type;extraction
06/26/2018;TP-BR-18-EMBRAPA-NextGen;EmbrapaBAG.Plate01;EmbrapaBAG.Plate01_A01;A01;01A;9624-09;EMBRAPA;;Leaf;
06/26/2018;TP-BR-18-EMBRAPA-NextGen;EmbrapaBAG.Plate01;EmbrapaBAG.Plate01_A02;A02;02A;BGM-0004;EMBRAPA;;Leaf;
06/26/2018;TP-BR-18-EMBRAPA-NextGen;EmbrapaBAG.Plate01;EmbrapaBAG.Plate01_A03;A03;03A;BGM-0005;EMBRAPA;;Leaf;
06/26/2018;TP-BR-18-EMBRAPA-NextGen;EmbrapaBAG.Plate01;EmbrapaBAG.Plate01_A04;A04;04A;BGM-0006;EMBRAPA;;Leaf;
06/26/2018;TP-BR-18-EMBRAPA-NextGen;EmbrapaBAG.Plate01;EmbrapaBAG.Plate01_A05;A05;05A;BGM-0014;EMBRAPA;;Leaf;
06/26/2018;TP-BR-18-EMBRAPA-NextGen;EmbrapaBAG.Plate01;EmbrapaBAG.Plate01_A06;A06;06A;BGM-0018;EMBRAPA;;Leaf;
06/26/2018;TP-BR-18-EMBRAPA-NextGen;EmbrapaBAG.Plate01;EmbrapaBAG.Plate01_A07;A07;07A;BGM-0019;EMBRAPA;;Leaf;
06/26/2018;TP-BR-18-EMBRAPA-NextGen;EmbrapaBAG.Plate01;EmbrapaBAG.Plate01_A08;A08;08A;BGM-0020;EMBRAPA;;Leaf;
06/26/2018;TP-BR-18-EMBRAPA-NextGen;EmbrapaBAG.Plate01;EmbrapaBAG.Plate01_A09;A09;09A;BGM-0021;EMBRAPA;;Leaf;
06/26/2018;TP-BR-18-EMBRAPA-NextGen;EmbrapaBAG.Plate01;EmbrapaBAG.Plate01_A10;A10;10A;BGM-0022;EMBRAPA;;Leaf;
06/26/2018;TP-BR-18-EMBRAPA-NextGen;EmbrapaBAG.Plate01;EmbrapaBAG.Plate01_A11;A11;11A;BGM-0023;EMBRAPA;;Leaf;
06/26/2018;TP-BR-18-EMBRAPA-NextGen;EmbrapaBAG.Plate01;EmbrapaBAG.Plate01_A12;A12;12A;BGM-0024;EMBRAPA;;Leaf;
06/26/2018;TP-BR-18-EMBRAPA-NextGen;EmbrapaBAG.Plate01;EmbrapaBAG.Plate01_B01;B01;01B;BGM-0025;EMBRAPA;;Leaf;
06/26/2018;TP-BR-18-EMBRAPA-NextGen;EmbrapaBAG.Plate01;EmbrapaBAG.Plate01_B02;B02;02B;BGM-0027;EMBRAPA;;Leaf;
06/26/2018;TP-BR-18-EMBRAPA-NextGen;EmbrapaBAG.Plate01;EmbrapaBAG.Plate01_B03;B03;03B;BGM-0028;EMBRAPA;;Leaf;
06/26/2018;TP-BR-18-EMBRAPA-NextGen;EmbrapaBAG.Plate01;EmbrapaBAG.Plate01_B04;B04;04B;BGM-0029;EMBRAPA;;Leaf;
06/26/2018;TP-BR-18-EMBRAPA-NextGen;EmbrapaBAG.Plate01;EmbrapaBAG.Plate01_B05;B05;05B;BGM-0030;EMBRAPA;;Leaf;
06/26/2018;TP-BR-18-EMBRAPA-NextGen;EmbrapaBAG.Plate01;EmbrapaBAG.Plate01_B06;B06;06B;BGM-0032;EMBRAPA;;Leaf;
06/26/2018;TP-BR-18-EMBRAPA-NextGen;EmbrapaBAG.Plate01;EmbrapaBAG.Plate01_B07;B07;07B;BGM-0036;EMBRAPA;;Leaf;
06/26/2018;TP-BR-18-EMBRAPA-NextGen;EmbrapaBAG.Plate01;EmbrapaBAG.Plate01_B08;B08;08B;BGM-0037;EMBRAPA;;Leaf;
06/26/2018;TP-BR-18-EMBRAPA-NextGen;EmbrapaBAG.Plate01;EmbrapaBAG.Plate01_B09;B09;09B;BGM-0039;EMBRAPA;;Leaf;
06/26/2018;TP-BR-18-EMBRAPA-NextGen;EmbrapaBAG.Plate01;EmbrapaBAG.Plate01_B10;B10;10B;BGM-0040;EMBRAPA;;Leaf;
06/26/2018;TP-BR-18-EMBRAPA-NextGen;EmbrapaBAG.Plate01;EmbrapaBAG.Plate01_B11;B11;11B;BGM-0042;EMBRAPA;;Leaf;
06/26/2018;TP-BR-18-EMBRAPA-NextGen;EmbrapaBAG.Plate01;EmbrapaBAG.Plate01_B12;B12;12B;BGM-0044;EMBRAPA;;Leaf;
06/26/2018;TP-BR-18-EMBRAPA-NextGen;EmbrapaBAG.Plate01;EmbrapaBAG.Plate01_C01;C01;01C;BGM-0047;EMBRAPA;;Leaf;
06/26/2018;TP-BR-18-EMBRAPA-NextGen;EmbrapaBAG.Plate01;EmbrapaBAG.Plate01_C02;C02;02C;BGM-0049;EMBRAPA;;Leaf;
06/26/2018;TP-BR-18-EMBRAPA-NextGen;EmbrapaBAG.Plate01;EmbrapaBAG.Plate01_C03;C03;03C;BGM-0050;EMBRAPA;;Leaf;
06/26/2018;TP-BR-18-EMBRAPA-NextGen;EmbrapaBAG.Plate01;EmbrapaBAG.Plate01_C04;C04;04C;BGM-0052;EMBRAPA;;Leaf;
06/26/2018;TP-BR-18-EMBRAPA-NextGen;EmbrapaBAG.Plate01;EmbrapaBAG.Plate01_C05;C05;05C;BGM-0054;EMBRAPA;;Leaf;
06/26/2018;TP-BR-18-EMBRAPA-NextGen;EmbrapaBAG.Plate01;EmbrapaBAG.Plate01_C06;C06;06C;BGM-0056;EMBRAPA;;Leaf;
06/26/2018;TP-BR-18-EMBRAPA-NextGen;EmbrapaBAG.Plate01;EmbrapaBAG.Plate01_C07;C07;07C;BGM-0058;EMBRAPA;;Leaf;
06/26/2018;TP-BR-18-EMBRAPA-NextGen;EmbrapaBAG.Plate01;EmbrapaBAG.Plate01_C08;C08;08C;BGM-0060;EMBRAPA;;Leaf;
06/26/2018;TP-BR-18-EMBRAPA-NextGen;EmbrapaBAG.Plate01;EmbrapaBAG.Plate01_C09;C09;09C;BGM-0061;EMBRAPA;;Leaf;
06/26/2018;TP-BR-18-EMBRAPA-NextGen;EmbrapaBAG.Plate01;EmbrapaBAG.Plate01_C10;C10;10C;BGM-0062;EMBRAPA;;Leaf;
06/26/2018;TP-BR-18-EMBRAPA-NextGen;EmbrapaBAG.Plate01;EmbrapaBAG.Plate01_C11;C11;11C;BGM-0063;EMBRAPA;;Leaf;
06/26/2018;TP-BR-18-EMBRAPA-NextGen;EmbrapaBAG.Plate01;EmbrapaBAG.Plate01_C12;C12;12C;BGM-0065;EMBRAPA;;Leaf;
06/26/2018;TP-BR-18-EMBRAPA-NextGen;EmbrapaBAG.Plate01;EmbrapaBAG.Plate01_D01;D01;01D;BGM-0066;EMBRAPA;;Leaf;
06/26/2018;TP-BR-18-EMBRAPA-NextGen;EmbrapaBAG.Plate01;EmbrapaBAG.Plate01_D02;D02;02D;BGM-0067;EMBRAPA;;Leaf;
06/26/2018;TP-BR-18-EMBRAPA-NextGen;EmbrapaBAG.Plate01;EmbrapaBAG.Plate01_D03;D03;03D;BGM-0069;EMBRAPA;;Leaf;
06/26/2018;TP-BR-18-EMBRAPA-NextGen;EmbrapaBAG.Plate01;EmbrapaBAG.Plate01_D04;D04;04D;BGM-0070;EMBRAPA;;Leaf;
06/26/2018;TP-BR-18-EMBRAPA-NextGen;EmbrapaBAG.Plate01;EmbrapaBAG.Plate01_D05;D05;05D;BGM-0073;EMBRAPA;;Leaf;
06/26/2018;TP-BR-18-EMBRAPA-NextGen;EmbrapaBAG.Plate01;EmbrapaBAG.Plate01_D06;D06;06D;BGM-0076;EMBRAPA;;Leaf;
06/26/2018;TP-BR-18-EMBRAPA-NextGen;EmbrapaBAG.Plate01;EmbrapaBAG.Plate01_D07;D07;07D;BGM-0080;EMBRAPA;;Leaf;
06/26/2018;TP-BR-18-EMBRAPA-NextGen;EmbrapaBAG.Plate01;EmbrapaBAG.Plate01_D08;D08;08D;BGM-0083;EMBRAPA;;Leaf;
06/26/2018;TP-BR-18-EMBRAPA-NextGen;EmbrapaBAG.Plate01;EmbrapaBAG.Plate01_D09;D09;09D;BGM-0084;EMBRAPA;;Leaf;
06/26/2018;TP-BR-18-EMBRAPA-NextGen;EmbrapaBAG.Plate01;EmbrapaBAG.Plate01_D10;D10;10D;BGM-0085;EMBRAPA;;Leaf;
06/26/2018;TP-BR-18-EMBRAPA-NextGen;EmbrapaBAG.Plate01;EmbrapaBAG.Plate01_D11;D11;11D;BGM-0087;EMBRAPA;;Leaf;
06/26/2018;TP-BR-18-EMBRAPA-NextGen;EmbrapaBAG.Plate01;EmbrapaBAG.Plate01_D12;D12;12D;BGM-0088;EMBRAPA;;Leaf;
06/26/2018;TP-BR-18-EMBRAPA-NextGen;EmbrapaBAG.Plate01;EmbrapaBAG.Plate01_E01;E01;01E;BGM-0089;EMBRAPA;;Leaf;
06/26/2018;TP-BR-18-EMBRAPA-NextGen;EmbrapaBAG.Plate01;EmbrapaBAG.Plate01_E02;E02;02E;BGM-0090;EMBRAPA;;Leaf;
06/26/2018;TP-BR-18-EMBRAPA-NextGen;EmbrapaBAG.Plate01;EmbrapaBAG.Plate01_E03;E03;03E;BGM-0091;EMBRAPA;;Leaf;
06/26/2018;TP-BR-18-EMBRAPA-NextGen;EmbrapaBAG.Plate01;EmbrapaBAG.Plate01_E04;E04;04E;BGM-0096;EMBRAPA;;Leaf;
06/26/2018;TP-BR-18-EMBRAPA-NextGen;EmbrapaBAG.Plate01;EmbrapaBAG.Plate01_E05;E05;05E;BGM-0097;EMBRAPA;;Leaf;
06/26/2018;TP-BR-18-EMBRAPA-NextGen;EmbrapaBAG.Plate01;EmbrapaBAG.Plate01_E06;E06;06E;BGM-0098;EMBRAPA;;Leaf;
06/26/2018;TP-BR-18-EMBRAPA-NextGen;EmbrapaBAG.Plate01;EmbrapaBAG.Plate01_E07;E07;07E;BGM-0100;EMBRAPA;;Leaf;
06/26/2018;TP-BR-18-EMBRAPA-NextGen;EmbrapaBAG.Plate01;EmbrapaBAG.Plate01_E08;E08;08E;BGM-0106;EMBRAPA;;Leaf;
06/26/2018;TP-BR-18-EMBRAPA-NextGen;EmbrapaBAG.Plate01;EmbrapaBAG.Plate01_E09;E09;09E;BGM-0115;EMBRAPA;;Leaf;
06/26/2018;TP-BR-18-EMBRAPA-NextGen;EmbrapaBAG.Plate01;EmbrapaBAG.Plate01_E10;E10;10E;BGM-0116;EMBRAPA;;Leaf;
06/26/2018;TP-BR-18-EMBRAPA-NextGen;EmbrapaBAG.Plate01;EmbrapaBAG.Plate01_E11;E11;11E;BGM-0119;EMBRAPA;;Leaf;
06/26/2018;TP-BR-18-EMBRAPA-NextGen;EmbrapaBAG.Plate01;EmbrapaBAG.Plate01_E12;E12;12E;BGM-0120;EMBRAPA;;Leaf;
06/26/2018;TP-BR-18-EMBRAPA-NextGen;EmbrapaBAG.Plate01;EmbrapaBAG.Plate01_F01;F01;01F;BGM-0123;EMBRAPA;;Leaf;
06/26/2018;TP-BR-18-EMBRAPA-NextGen;EmbrapaBAG.Plate01;EmbrapaBAG.Plate01_F02;F02;02F;BGM-0124;EMBRAPA;;Leaf;
06/26/2018;TP-BR-18-EMBRAPA-NextGen;EmbrapaBAG.Plate01;EmbrapaBAG.Plate01_F03;F03;03F;BGM-0126;EMBRAPA;;Leaf;
06/26/2018;TP-BR-18-EMBRAPA-NextGen;EmbrapaBAG.Plate01;EmbrapaBAG.Plate01_F04;F04;04F;BGM-0130;EMBRAPA;;Leaf;
06/26/2018;TP-BR-18-EMBRAPA-NextGen;EmbrapaBAG.Plate01;EmbrapaBAG.Plate01_F05;F05;05F;BGM-0132;EMBRAPA;;Leaf;
06/26/2018;TP-BR-18-EMBRAPA-NextGen;EmbrapaBAG.Plate01;EmbrapaBAG.Plate01_F06;F06;06F;BGM-0133;EMBRAPA;;Leaf;
06/26/2018;TP-BR-18-EMBRAPA-NextGen;EmbrapaBAG.Plate01;EmbrapaBAG.Plate01_F07;F07;07F;BGM-0134;EMBRAPA;;Leaf;
06/26/2018;TP-BR-18-EMBRAPA-NextGen;EmbrapaBAG.Plate01;EmbrapaBAG.Plate01_F08;F08;08F;BGM-0135;EMBRAPA;;Leaf;
06/26/2018;TP-BR-18-EMBRAPA-NextGen;EmbrapaBAG.Plate01;EmbrapaBAG.Plate01_F09;F09;09F;BGM-0136;EMBRAPA;;Leaf;
06/26/2018;TP-BR-18-EMBRAPA-NextGen;EmbrapaBAG.Plate01;EmbrapaBAG.Plate01_F10;F10;10F;BGM-0137;EMBRAPA;;Leaf;
06/26/2018;TP-BR-18-EMBRAPA-NextGen;EmbrapaBAG.Plate01;EmbrapaBAG.Plate01_F11;F11;11F;BGM-0138;EMBRAPA;;Leaf;
06/26/2018;TP-BR-18-EMBRAPA-NextGen;EmbrapaBAG.Plate01;EmbrapaBAG.Plate01_F12;F12;12F;BGM-0140;EMBRAPA;;Leaf;
06/26/2018;TP-BR-18-EMBRAPA-NextGen;EmbrapaBAG.Plate01;EmbrapaBAG.Plate01_G01;G01;01G;BGM-0143;EMBRAPA;;Leaf;
06/26/2018;TP-BR-18-EMBRAPA-NextGen;EmbrapaBAG.Plate01;EmbrapaBAG.Plate01_G02;G02;02G;BGM-0144;EMBRAPA;;Leaf;
06/26/2018;TP-BR-18-EMBRAPA-NextGen;EmbrapaBAG.Plate01;EmbrapaBAG.Plate01_G03;G03;03G;BGM-0145;EMBRAPA;;Leaf;
06/26/2018;TP-BR-18-EMBRAPA-NextGen;EmbrapaBAG.Plate01;EmbrapaBAG.Plate01_G04;G04;04G;BGM-0150;EMBRAPA;;Leaf;
06/26/2018;TP-BR-18-EMBRAPA-NextGen;EmbrapaBAG.Plate01;EmbrapaBAG.Plate01_G05;G05;05G;BGM-0151;EMBRAPA;;Leaf;
06/26/2018;TP-BR-18-EMBRAPA-NextGen;EmbrapaBAG.Plate01;EmbrapaBAG.Plate01_G06;G06;06G;BGM-0152;EMBRAPA;;Leaf;
06/26/2018;TP-BR-18-EMBRAPA-NextGen;EmbrapaBAG.Plate01;EmbrapaBAG.Plate01_G07;G07;07G;BGM-0155;EMBRAPA;;Leaf;
06/26/2018;TP-BR-18-EMBRAPA-NextGen;EmbrapaBAG.Plate01;EmbrapaBAG.Plate01_G08;G08;08G;BGM-0156;EMBRAPA;;Leaf;
06/26/2018;TP-BR-18-EMBRAPA-NextGen;EmbrapaBAG.Plate01;EmbrapaBAG.Plate01_G09;G09;09G;BGM-0157;EMBRAPA;;Leaf;
06/26/2018;TP-BR-18-EMBRAPA-NextGen;EmbrapaBAG.Plate01;EmbrapaBAG.Plate01_G10;G10;10G;BGM-0160;EMBRAPA;;Leaf;
06/26/2018;TP-BR-18-EMBRAPA-NextGen;EmbrapaBAG.Plate01;EmbrapaBAG.Plate01_G11;G11;11G;BGM-0161;EMBRAPA;;Leaf;
06/26/2018;TP-BR-18-EMBRAPA-NextGen;EmbrapaBAG.Plate01;EmbrapaBAG.Plate01_G12;G12;12G;BLANK__G12;EMBRAPA;;Leaf;
06/26/2018;TP-BR-18-EMBRAPA-NextGen;EmbrapaBAG.Plate01;EmbrapaBAG.Plate01_H01;H01;01H;BGM-0162;EMBRAPA;;Leaf;
06/26/2018;TP-BR-18-EMBRAPA-NextGen;EmbrapaBAG.Plate01;EmbrapaBAG.Plate01_H02;H02;02H;BGM-0163;EMBRAPA;;Leaf;
06/26/2018;TP-BR-18-EMBRAPA-NextGen;EmbrapaBAG.Plate01;EmbrapaBAG.Plate01_H03;H03;03H;BGM-0164;EMBRAPA;;Leaf;
06/26/2018;TP-BR-18-EMBRAPA-NextGen;EmbrapaBAG.Plate01;EmbrapaBAG.Plate01_H04;H04;04H;BGM-0166;EMBRAPA;;Leaf;
06/26/2018;TP-BR-18-EMBRAPA-NextGen;EmbrapaBAG.Plate01;EmbrapaBAG.Plate01_H05;H05;05H;BGM-0167;EMBRAPA;;Leaf;
06/26/2018;TP-BR-18-EMBRAPA-NextGen;EmbrapaBAG.Plate01;EmbrapaBAG.Plate01_H06;H06;06H;BGM-0168;EMBRAPA;;Leaf;
06/26/2018;TP-BR-18-EMBRAPA-NextGen;EmbrapaBAG.Plate01;EmbrapaBAG.Plate01_H07;H07;07H;BGM-0169;EMBRAPA;;Leaf;
06/26/2018;TP-BR-18-EMBRAPA-NextGen;EmbrapaBAG.Plate01;EmbrapaBAG.Plate01_H08;H08;08H;BGM-0170;EMBRAPA;;Leaf;
06/26/2018;TP-BR-18-EMBRAPA-NextGen;EmbrapaBAG.Plate01;EmbrapaBAG.Plate01_H09;H09;09H;BGM-0171;EMBRAPA;;Leaf;
06/26/2018;TP-BR-18-EMBRAPA-NextGen;EmbrapaBAG.Plate01;EmbrapaBAG.Plate01_H10;H10;10H;BGM-0174;EMBRAPA;;Leaf;
06/26/2018;TP-BR-18-EMBRAPA-NextGen;EmbrapaBAG.Plate01;EmbrapaBAG.Plate01_H11;H11;11H;BGM-0179;EMBRAPA;;Leaf;
06/26/2018;TP-BR-18-EMBRAPA-NextGen;EmbrapaBAG.Plate01;EmbrapaBAG.Plate01_H12;H12;12H;BLANK__H12;EMBRAPA;;Leaf;
06/26/2018;TP-BR-18-EMBRAPA-NextGen;EmbrapaBAG.Plate02;EmbrapaBAG.Plate02_A01;A01;01A;BGM-0184;EMBRAPA;;Leaf;
06/26/2018;TP-BR-18-EMBRAPA-NextGen;EmbrapaBAG.Plate02;EmbrapaBAG.Plate02_A02;A02;02A;BGM-0185;EMBRAPA;;Leaf;
06/26/2018;TP-BR-18-EMBRAPA-NextGen;EmbrapaBAG.Plate02;EmbrapaBAG.Plate02_A03;A03;03A;BGM-0186;EMBRAPA;;Leaf;
06/26/2018;TP-BR-18-EMBRAPA-NextGen;EmbrapaBAG.Plate02;EmbrapaBAG.Plate02_A04;A04;04A;BGM-0187;EMBRAPA;;Leaf;
06/26/2018;TP-BR-18-EMBRAPA-NextGen;EmbrapaBAG.Plate02;EmbrapaBAG.Plate02_A05;A05;05A;BGM-0188;EMBRAPA;;Leaf;
06/26/2018;TP-BR-18-EMBRAPA-NextGen;EmbrapaBAG.Plate02;EmbrapaBAG.Plate02_A06;A06;06A;BGM-0189;EMBRAPA;;Leaf;
06/26/2018;TP-BR-18-EMBRAPA-NextGen;EmbrapaBAG.Plate02;EmbrapaBAG.Plate02_A07;A07;07A;BGM-0190;EMBRAPA;;Leaf;
06/26/2018;TP-BR-18-EMBRAPA-NextGen;EmbrapaBAG.Plate02;EmbrapaBAG.Plate02_A08;A08;08A;BGM-0195;EMBRAPA;;Leaf;
06/26/2018;TP-BR-18-EMBRAPA-NextGen;EmbrapaBAG.Plate02;EmbrapaBAG.Plate02_A09;A09;09A;BGM-0199;EMBRAPA;;Leaf;
06/26/2018;TP-BR-18-EMBRAPA-NextGen;EmbrapaBAG.Plate02;EmbrapaBAG.Plate02_A10;A10;10A;BGM-0201;EMBRAPA;;Leaf;
06/26/2018;TP-BR-18-EMBRAPA-NextGen;EmbrapaBAG.Plate02;EmbrapaBAG.Plate02_A11;A11;11A;BGM-0202;EMBRAPA;;Leaf;
06/26/2018;TP-BR-18-EMBRAPA-NextGen;EmbrapaBAG.Plate02;EmbrapaBAG.Plate02_A12;A12;12A;BGM-0204;EMBRAPA;;Leaf;
06/26/2018;TP-BR-18-EMBRAPA-NextGen;EmbrapaBAG.Plate02;EmbrapaBAG.Plate02_B01;B01;01B;BGM-0207;EMBRAPA;;Leaf;
06/26/2018;TP-BR-18-EMBRAPA-NextGen;EmbrapaBAG.Plate02;EmbrapaBAG.Plate02_B02;B02;02B;BGM-0208;EMBRAPA;;Leaf;
06/26/2018;TP-BR-18-EMBRAPA-NextGen;EmbrapaBAG.Plate02;EmbrapaBAG.Plate02_B03;B03;03B;BGM-0209;EMBRAPA;;Leaf;
06/26/2018;TP-BR-18-EMBRAPA-NextGen;EmbrapaBAG.Plate02;EmbrapaBAG.Plate02_B04;B04;04B;BGM-0210;EMBRAPA;;Leaf;
06/26/2018;TP-BR-18-EMBRAPA-NextGen;EmbrapaBAG.Plate02;EmbrapaBAG.Plate02_B05;B05;05B;BGM-0211;EMBRAPA;;Leaf;
06/26/2018;TP-BR-18-EMBRAPA-NextGen;EmbrapaBAG.Plate02;EmbrapaBAG.Plate02_B06;B06;06B;BGM-0212;EMBRAPA;;Leaf;
06/26/2018;TP-BR-18-EMBRAPA-NextGen;EmbrapaBAG.Plate02;EmbrapaBAG.Plate02_B07;B07;07B;BGM-0213;EMBRAPA;;Leaf;
06/26/2018;TP-BR-18-EMBRAPA-NextGen;EmbrapaBAG.Plate02;EmbrapaBAG.Plate02_B08;B08;08B;BGM-0214;EMBRAPA;;Leaf;
06/26/2018;TP-BR-18-EMBRAPA-NextGen;EmbrapaBAG.Plate02;EmbrapaBAG.Plate02_B09;B09;09B;BGM-0215;EMBRAPA;;Leaf;
06/26/2018;TP-BR-18-EMBRAPA-NextGen;EmbrapaBAG.Plate02;EmbrapaBAG.Plate02_B10;B10;10B;BGM-0220;EMBRAPA;;Leaf;
06/26/2018;TP-BR-18-EMBRAPA-NextGen;EmbrapaBAG.Plate02;EmbrapaBAG.Plate02_B11;B11;11B;BGM-0222;EMBRAPA;;Leaf;
06/26/2018;TP-BR-18-EMBRAPA-NextGen;EmbrapaBAG.Plate02;EmbrapaBAG.Plate02_B12;B12;12B;BGM-0226;EMBRAPA;;Leaf;
06/26/2018;TP-BR-18-EMBRAPA-NextGen;EmbrapaBAG.Plate02;EmbrapaBAG.Plate02_C01;C01;01C;BGM-0235;EMBRAPA;;Leaf;
06/26/2018;TP-BR-18-EMBRAPA-NextGen;EmbrapaBAG.Plate02;EmbrapaBAG.Plate02_C02;C02;02C;BGM-0236;EMBRAPA;;Leaf;
06/26/2018;TP-BR-18-EMBRAPA-NextGen;EmbrapaBAG.Plate02;EmbrapaBAG.Plate02_C03;C03;03C;BGM-0237;EMBRAPA;;Leaf;
06/26/2018;TP-BR-18-EMBRAPA-NextGen;EmbrapaBAG.Plate02;EmbrapaBAG.Plate02_C04;C04;04C;BGM-0238;EMBRAPA;;Leaf;
06/26/2018;TP-BR-18-EMBRAPA-NextGen;EmbrapaBAG.Plate02;EmbrapaBAG.Plate02_C05;C05;05C;BGM-0239;EMBRAPA;;Leaf;
06/26/2018;TP-BR-18-EMBRAPA-NextGen;EmbrapaBAG.Plate02;EmbrapaBAG.Plate02_C06;C06;06C;BGM-0240;EMBRAPA;;Leaf;
06/26/2018;TP-BR-18-EMBRAPA-NextGen;EmbrapaBAG.Plate02;EmbrapaBAG.Plate02_C07;C07;07C;BGM-0247;EMBRAPA;;Leaf;
06/26/2018;TP-BR-18-EMBRAPA-NextGen;EmbrapaBAG.Plate02;EmbrapaBAG.Plate02_C08;C08;08C;BGM-0250;EMBRAPA;;Leaf;
06/26/2018;TP-BR-18-EMBRAPA-NextGen;EmbrapaBAG.Plate02;EmbrapaBAG.Plate02_C09;C09;09C;BGM-0254;EMBRAPA;;Leaf;
06/26/2018;TP-BR-18-EMBRAPA-NextGen;EmbrapaBAG.Plate02;EmbrapaBAG.Plate02_C10;C10;10C;BGM-0257;EMBRAPA;;Leaf;
06/26/2018;TP-BR-18-EMBRAPA-NextGen;EmbrapaBAG.Plate02;EmbrapaBAG.Plate02_C11;C11;11C;BGM-0260;EMBRAPA;;Leaf;
06/26/2018;TP-BR-18-EMBRAPA-NextGen;EmbrapaBAG.Plate02;EmbrapaBAG.Plate02_C12;C12;12C;BGM-0261;EMBRAPA;;Leaf;
06/26/2018;TP-BR-18-EMBRAPA-NextGen;EmbrapaBAG.Plate02;EmbrapaBAG.Plate02_D01;D01;01D;BGM-0264;EMBRAPA;;Leaf;
06/26/2018;TP-BR-18-EMBRAPA-NextGen;EmbrapaBAG.Plate02;EmbrapaBAG.Plate02_D02;D02;02D;BGM-0266;EMBRAPA;;Leaf;
06/26/2018;TP-BR-18-EMBRAPA-NextGen;EmbrapaBAG.Plate02;EmbrapaBAG.Plate02_D03;D03;03D;BGM-0268;EMBRAPA;;Leaf;
06/26/2018;TP-BR-18-EMBRAPA-NextGen;EmbrapaBAG.Plate02;EmbrapaBAG.Plate02_D04;D04;04D;BGM-0269;EMBRAPA;;Leaf;
06/26/2018;TP-BR-18-EMBRAPA-NextGen;EmbrapaBAG.Plate02;EmbrapaBAG.Plate02_D05;D05;05D;BGM-0270;EMBRAPA;;Leaf;
06/26/2018;TP-BR-18-EMBRAPA-NextGen;EmbrapaBAG.Plate02;EmbrapaBAG.Plate02_D06;D06;06D;BGM-0277;EMBRAPA;;Leaf;
06/26/2018;TP-BR-18-EMBRAPA-NextGen;EmbrapaBAG.Plate02;EmbrapaBAG.Plate02_D07;D07;07D;BGM-0279;EMBRAPA;;Leaf;
06/26/2018;TP-BR-18-EMBRAPA-NextGen;EmbrapaBAG.Plate02;EmbrapaBAG.Plate02_D08;D08;08D;BGM-0281;EMBRAPA;;Leaf;
06/26/2018;TP-BR-18-EMBRAPA-NextGen;EmbrapaBAG.Plate02;EmbrapaBAG.Plate02_D09;D09;09D;BGM-0283;EMBRAPA;;Leaf;
06/26/2018;TP-BR-18-EMBRAPA-NextGen;EmbrapaBAG.Plate02;EmbrapaBAG.Plate02_D10;D10;10D;BGM-0284;EMBRAPA;;Leaf;
06/26/2018;TP-BR-18-EMBRAPA-NextGen;EmbrapaBAG.Plate02;EmbrapaBAG.Plate02_D11;D11;11D;BGM-0285;EMBRAPA;;Leaf;
06/26/2018;TP-BR-18-EMBRAPA-NextGen;EmbrapaBAG.Plate02;EmbrapaBAG.Plate02_D12;D12;12D;BGM-0286;EMBRAPA;;Leaf;
06/26/2018;TP-BR-18-EMBRAPA-NextGen;EmbrapaBAG.Plate02;EmbrapaBAG.Plate02_E01;E01;01E;BGM-0287;EMBRAPA;;Leaf;
06/26/2018;TP-BR-18-EMBRAPA-NextGen;EmbrapaBAG.Plate02;EmbrapaBAG.Plate02_E02;E02;02E;BGM-0288;EMBRAPA;;Leaf;
06/26/2018;TP-BR-18-EMBRAPA-NextGen;EmbrapaBAG.Plate02;EmbrapaBAG.Plate02_E03;E03;03E;BGM-0289;EMBRAPA;;Leaf;
06/26/2018;TP-BR-18-EMBRAPA-NextGen;EmbrapaBAG.Plate02;EmbrapaBAG.Plate02_E04;E04;04E;BGM-0290;EMBRAPA;;Leaf;
06/26/2018;TP-BR-18-EMBRAPA-NextGen;EmbrapaBAG.Plate02;EmbrapaBAG.Plate02_E05;E05;05E;BGM-0294;EMBRAPA;;Leaf;
06/26/2018;TP-BR-18-EMBRAPA-NextGen;EmbrapaBAG.Plate02;EmbrapaBAG.Plate02_E06;E06;06E;BGM-0297;EMBRAPA;;Leaf;
06/26/2018;TP-BR-18-EMBRAPA-NextGen;EmbrapaBAG.Plate02;EmbrapaBAG.Plate02_E07;E07;07E;BGM-0298;EMBRAPA;;Leaf;
06/26/2018;TP-BR-18-EMBRAPA-NextGen;EmbrapaBAG.Plate02;EmbrapaBAG.Plate02_E08;E08;08E;BGM-0303;EMBRAPA;;Leaf;
06/26/2018;TP-BR-18-EMBRAPA-NextGen;EmbrapaBAG.Plate02;EmbrapaBAG.Plate02_E09;E09;09E;BGM-0304;EMBRAPA;;Leaf;
06/26/2018;TP-BR-18-EMBRAPA-NextGen;EmbrapaBAG.Plate02;EmbrapaBAG.Plate02_E10;E10;10E;BGM-0306;EMBRAPA;;Leaf;
06/26/2018;TP-BR-18-EMBRAPA-NextGen;EmbrapaBAG.Plate02;EmbrapaBAG.Plate02_E11;E11;11E;BGM-0308;EMBRAPA;;Leaf;
06/26/2018;TP-BR-18-EMBRAPA-NextGen;EmbrapaBAG.Plate02;EmbrapaBAG.Plate02_E12;E12;12E;BGM-0314;EMBRAPA;;Leaf;
06/26/2018;TP-BR-18-EMBRAPA-NextGen;EmbrapaBAG.Plate02;EmbrapaBAG.Plate02_F01;F01;01F;BGM-0316;EMBRAPA;;Leaf;
06/26/2018;TP-BR-18-EMBRAPA-NextGen;EmbrapaBAG.Plate02;EmbrapaBAG.Plate02_F02;F02;02F;BGM-0318;EMBRAPA;;Leaf;
06/26/2018;TP-BR-18-EMBRAPA-NextGen;EmbrapaBAG.Plate02;EmbrapaBAG.Plate02_F03;F03;03F;BGM-0324;EMBRAPA;;Leaf;
06/26/2018;TP-BR-18-EMBRAPA-NextGen;EmbrapaBAG.Plate02;EmbrapaBAG.Plate02_F04;F04;04F;BGM-0326;EMBRAPA;;Leaf;
06/26/2018;TP-BR-18-EMBRAPA-NextGen;EmbrapaBAG.Plate02;EmbrapaBAG.Plate02_F05;F05;05F;BGM-0327;EMBRAPA;;Leaf;
06/26/2018;TP-BR-18-EMBRAPA-NextGen;EmbrapaBAG.Plate02;EmbrapaBAG.Plate02_F06;F06;06F;BGM-0336;EMBRAPA;;Leaf;
06/26/2018;TP-BR-18-EMBRAPA-NextGen;EmbrapaBAG.Plate02;EmbrapaBAG.Plate02_F07;F07;07F;BGM-0342;EMBRAPA;;Leaf;
06/26/2018;TP-BR-18-EMBRAPA-NextGen;EmbrapaBAG.Plate02;EmbrapaBAG.Plate02_F08;F08;08F;BGM-0345;EMBRAPA;;Leaf;
06/26/2018;TP-BR-18-EMBRAPA-NextGen;EmbrapaBAG.Plate02;EmbrapaBAG.Plate02_F09;F09;09F;BGM-0349;EMBRAPA;;Leaf;
06/26/2018;TP-BR-18-EMBRAPA-NextGen;EmbrapaBAG.Plate02;EmbrapaBAG.Plate02_F10;F10;10F;BGM-0352;EMBRAPA;;Leaf;
06/26/2018;TP-BR-18-EMBRAPA-NextGen;EmbrapaBAG.Plate02;EmbrapaBAG.Plate02_F11;F11;11F;BGM-0357;EMBRAPA;;Leaf;
06/26/2018;TP-BR-18-EMBRAPA-NextGen;EmbrapaBAG.Plate02;EmbrapaBAG.Plate02_F12;F12;12F;BGM-0358;EMBRAPA;;Leaf;
06/26/2018;TP-BR-18-EMBRAPA-NextGen;EmbrapaBAG.Plate02;EmbrapaBAG.Plate02_G01;G01;01G;BGM-0359;EMBRAPA;;Leaf;
06/26/2018;TP-BR-18-EMBRAPA-NextGen;EmbrapaBAG.Plate02;EmbrapaBAG.Plate02_G02;G02;02G;BGM-0362;EMBRAPA;;Leaf;
06/26/2018;TP-BR-18-EMBRAPA-NextGen;EmbrapaBAG.Plate02;EmbrapaBAG.Plate02_G03;G03;03G;BGM-0364;EMBRAPA;;Leaf;
06/26/2018;TP-BR-18-EMBRAPA-NextGen;EmbrapaBAG.Plate02;EmbrapaBAG.Plate02_G04;G04;04G;BGM-0366;EMBRAPA;;Leaf;
06/26/2018;TP-BR-18-EMBRAPA-NextGen;EmbrapaBAG.Plate02;EmbrapaBAG.Plate02_G05;G05;05G;BGM-0368;EMBRAPA;;Leaf;
06/26/2018;TP-BR-18-EMBRAPA-NextGen;EmbrapaBAG.Plate02;EmbrapaBAG.Plate02_G06;G06;06G;BGM-0369;EMBRAPA;;Leaf;
06/26/2018;TP-BR-18-EMBRAPA-NextGen;EmbrapaBAG.Plate02;EmbrapaBAG.Plate02_G07;G07;07G;BGM-0371;EMBRAPA;;Leaf;
06/26/2018;TP-BR-18-EMBRAPA-NextGen;EmbrapaBAG.Plate02;EmbrapaBAG.Plate02_G08;G08;08G;BGM-0374;EMBRAPA;;Leaf;
06/26/2018;TP-BR-18-EMBRAPA-NextGen;EmbrapaBAG.Plate02;EmbrapaBAG.Plate02_G09;G09;09G;BGM-0380;EMBRAPA;;Leaf;
06/26/2018;TP-BR-18-EMBRAPA-NextGen;EmbrapaBAG.Plate02;EmbrapaBAG.Plate02_G10;G10;10G;BGM-0386;EMBRAPA;;Leaf;
06/26/2018;TP-BR-18-EMBRAPA-NextGen;EmbrapaBAG.Plate02;EmbrapaBAG.Plate02_G11;G11;11G;BGM-0388;EMBRAPA;;Leaf;
06/26/2018;TP-BR-18-EMBRAPA-NextGen;EmbrapaBAG.Plate02;EmbrapaBAG.Plate02_G12;G12;12G;BLANK__G12;EMBRAPA;;Leaf;
06/26/2018;TP-BR-18-EMBRAPA-NextGen;EmbrapaBAG.Plate02;EmbrapaBAG.Plate02_H01;H01;01H;BGM-0389;EMBRAPA;;Leaf;
06/26/2018;TP-BR-18-EMBRAPA-NextGen;EmbrapaBAG.Plate02;EmbrapaBAG.Plate02_H02;H02;02H;BGM-0390;EMBRAPA;;Leaf;
06/26/2018;TP-BR-18-EMBRAPA-NextGen;EmbrapaBAG.Plate02;EmbrapaBAG.Plate02_H03;H03;03H;BGM-0395;EMBRAPA;;Leaf;
06/26/2018;TP-BR-18-EMBRAPA-NextGen;EmbrapaBAG.Plate02;EmbrapaBAG.Plate02_H04;H04;04H;BGM-0396;EMBRAPA;;Leaf;
06/26/2018;TP-BR-18-EMBRAPA-NextGen;EmbrapaBAG.Plate02;EmbrapaBAG.Plate02_H05;H05;05H;BGM-0398;EMBRAPA;;Leaf;
06/26/2018;TP-BR-18-EMBRAPA-NextGen;EmbrapaBAG.Plate02;EmbrapaBAG.Plate02_H06;H06;06H;BGM-0399;EMBRAPA;;Leaf;
06/26/2018;TP-BR-18-EMBRAPA-NextGen;EmbrapaBAG.Plate02;EmbrapaBAG.Plate02_H07;H07;07H;BGM-0400;EMBRAPA;;Leaf;
06/26/2018;TP-BR-18-EMBRAPA-NextGen;EmbrapaBAG.Plate02;EmbrapaBAG.Plate02_H08;H08;08H;BGM-0407;EMBRAPA;;Leaf;
06/26/2018;TP-BR-18-EMBRAPA-NextGen;EmbrapaBAG.Plate02;EmbrapaBAG.Plate02_H09;H09;09H;BGM-0408;EMBRAPA;;Leaf;
06/26/2018;TP-BR-18-EMBRAPA-NextGen;EmbrapaBAG.Plate02;EmbrapaBAG.Plate02_H10;H10;10H;BGM-0410;EMBRAPA;;Leaf;
06/26/2018;TP-BR-18-EMBRAPA-NextGen;EmbrapaBAG.Plate02;EmbrapaBAG.Plate02_H11;H11;11H;BGM-0413;EMBRAPA;;Leaf;
06/26/2018;TP-BR-18-EMBRAPA-NextGen;EmbrapaBAG.Plate02;EmbrapaBAG.Plate02_H12;H12;12H;BLANK__H12;EMBRAPA;;Leaf;
06/26/2018;TP-BR-18-EMBRAPA-NextGen;EmbrapaBAG.Plate03;EmbrapaBAG.Plate03_A01;A01;01A;BGM-0414;EMBRAPA;;Leaf;
06/26/2018;TP-BR-18-EMBRAPA-NextGen;EmbrapaBAG.Plate03;EmbrapaBAG.Plate03_A02;A02;02A;BGM-0420;EMBRAPA;;Leaf;
06/26/2018;TP-BR-18-EMBRAPA-NextGen;EmbrapaBAG.Plate03;EmbrapaBAG.Plate03_A03;A03;03A;BGM-0422;EMBRAPA;;Leaf;
06/26/2018;TP-BR-18-EMBRAPA-NextGen;EmbrapaBAG.Plate03;EmbrapaBAG.Plate03_A04;A04;04A;BGM-0424;EMBRAPA;;Leaf;
06/26/2018;TP-BR-18-EMBRAPA-NextGen;EmbrapaBAG.Plate03;EmbrapaBAG.Plate03_A05;A05;05A;BGM-0425;EMBRAPA;;Leaf;
06/26/2018;TP-BR-18-EMBRAPA-NextGen;EmbrapaBAG.Plate03;EmbrapaBAG.Plate03_A06;A06;06A;BGM-0426;EMBRAPA;;Leaf;
06/26/2018;TP-BR-18-EMBRAPA-NextGen;EmbrapaBAG.Plate03;EmbrapaBAG.Plate03_A07;A07;07A;BGM-0427;EMBRAPA;;Leaf;
06/26/2018;TP-BR-18-EMBRAPA-NextGen;EmbrapaBAG.Plate03;EmbrapaBAG.Plate03_A08;A08;08A;BGM-0428;EMBRAPA;;Leaf;
06/26/2018;TP-BR-18-EMBRAPA-NextGen;EmbrapaBAG.Plate03;EmbrapaBAG.Plate03_A09;A09;09A;BGM-0435;EMBRAPA;;Leaf;
06/26/2018;TP-BR-18-EMBRAPA-NextGen;EmbrapaBAG.Plate03;EmbrapaBAG.Plate03_A10;A10;10A;BGM-0436;EMBRAPA;;Leaf;
06/26/2018;TP-BR-18-EMBRAPA-NextGen;EmbrapaBAG.Plate03;EmbrapaBAG.Plate03_A11;A11;11A;BGM-0438;EMBRAPA;;Leaf;
06/26/2018;TP-BR-18-EMBRAPA-NextGen;EmbrapaBAG.Plate03;EmbrapaBAG.Plate03_A12;A12;12A;BGM-0439;EMBRAPA;;Leaf;
06/26/2018;TP-BR-18-EMBRAPA-NextGen;EmbrapaBAG.Plate03;EmbrapaBAG.Plate03_B01;B01;01B;BGM-0440;EMBRAPA;;Leaf;
06/26/2018;TP-BR-18-EMBRAPA-NextGen;EmbrapaBAG.Plate03;EmbrapaBAG.Plate03_B02;B02;02B;BGM-0442;EMBRAPA;;Leaf;
06/26/2018;TP-BR-18-EMBRAPA-NextGen;EmbrapaBAG.Plate03;EmbrapaBAG.Plate03_B03;B03;03B;BGM-0444;EMBRAPA;;Leaf;
06/26/2018;TP-BR-18-EMBRAPA-NextGen;EmbrapaBAG.Plate03;EmbrapaBAG.Plate03_B04;B04;04B;BGM-0448;EMBRAPA;;Leaf;
06/26/2018;TP-BR-18-EMBRAPA-NextGen;EmbrapaBAG.Plate03;EmbrapaBAG.Plate03_B05;B05;05B;BGM-0449;EMBRAPA;;Leaf;
06/26/2018;TP-BR-18-EMBRAPA-NextGen;EmbrapaBAG.Plate03;EmbrapaBAG.Plate03_B06;B06;06B;BGM-0451;EMBRAPA;;Leaf;
06/26/2018;TP-BR-18-EMBRAPA-NextGen;EmbrapaBAG.Plate03;EmbrapaBAG.Plate03_B07;B07;07B;BGM-0460;EMBRAPA;;Leaf;
06/26/2018;TP-BR-18-EMBRAPA-NextGen;EmbrapaBAG.Plate03;EmbrapaBAG.Plate03_B08;B08;08B;BGM-0461;EMBRAPA;;Leaf;
06/26/2018;TP-BR-18-EMBRAPA-NextGen;EmbrapaBAG.Plate03;EmbrapaBAG.Plate03_B09;B09;09B;BGM-0462;EMBRAPA;;Leaf;
06/26/2018;TP-BR-18-EMBRAPA-NextGen;EmbrapaBAG.Plate03;EmbrapaBAG.Plate03_B10;B10;10B;BGM-0463;EMBRAPA;;Leaf;
06/26/2018;TP-BR-18-EMBRAPA-NextGen;EmbrapaBAG.Plate03;EmbrapaBAG.Plate03_B11;B11;11B;BGM-0467;EMBRAPA;;Leaf;
06/26/2018;TP-BR-18-EMBRAPA-NextGen;EmbrapaBAG.Plate03;EmbrapaBAG.Plate03_B12;B12;12B;BGM-0468;EMBRAPA;;Leaf;
06/26/2018;TP-BR-18-EMBRAPA-NextGen;EmbrapaBAG.Plate03;EmbrapaBAG.Plate03_C01;C01;01C;BGM-0471;EMBRAPA;;Leaf;
06/26/2018;TP-BR-18-EMBRAPA-NextGen;EmbrapaBAG.Plate03;EmbrapaBAG.Plate03_C02;C02;02C;BGM-0472;EMBRAPA;;Leaf;
06/26/2018;TP-BR-18-EMBRAPA-NextGen;EmbrapaBAG.Plate03;EmbrapaBAG.Plate03_C03;C03;03C;BGM-0474;EMBRAPA;;Leaf;
06/26/2018;TP-BR-18-EMBRAPA-NextGen;EmbrapaBAG.Plate03;EmbrapaBAG.Plate03_C04;C04;04C;BGM-0475;EMBRAPA;;Leaf;
06/26/2018;TP-BR-18-EMBRAPA-NextGen;EmbrapaBAG.Plate03;EmbrapaBAG.Plate03_C05;C05;05C;BGM-0478;EMBRAPA;;Leaf;
06/26/2018;TP-BR-18-EMBRAPA-NextGen;EmbrapaBAG.Plate03;EmbrapaBAG.Plate03_C06;C06;06C;BGM-0480;EMBRAPA;;Leaf;
06/26/2018;TP-BR-18-EMBRAPA-NextGen;EmbrapaBAG.Plate03;EmbrapaBAG.Plate03_C07;C07;07C;BGM-0484;EMBRAPA;;Leaf;
06/26/2018;TP-BR-18-EMBRAPA-NextGen;EmbrapaBAG.Plate03;EmbrapaBAG.Plate03_C08;C08;08C;BGM-0489;EMBRAPA;;Leaf;
06/26/2018;TP-BR-18-EMBRAPA-NextGen;EmbrapaBAG.Plate03;EmbrapaBAG.Plate03_C09;C09;09C;BGM-0495;EMBRAPA;;Leaf;
06/26/2018;TP-BR-18-EMBRAPA-NextGen;EmbrapaBAG.Plate03;EmbrapaBAG.Plate03_C10;C10;10C;BGM-0498;EMBRAPA;;Leaf;
06/26/2018;TP-BR-18-EMBRAPA-NextGen;EmbrapaBAG.Plate03;EmbrapaBAG.Plate03_C11;C11;11C;BGM-0499;EMBRAPA;;Leaf;
06/26/2018;TP-BR-18-EMBRAPA-NextGen;EmbrapaBAG.Plate03;EmbrapaBAG.Plate03_C12;C12;12C;BGM-0500;EMBRAPA;;Leaf;
06/26/2018;TP-BR-18-EMBRAPA-NextGen;EmbrapaBAG.Plate03;EmbrapaBAG.Plate03_D01;D01;01D;BGM-0505;EMBRAPA;;Leaf;
06/26/2018;TP-BR-18-EMBRAPA-NextGen;EmbrapaBAG.Plate03;EmbrapaBAG.Plate03_D02;D02;02D;BGM-0507;EMBRAPA;;Leaf;
06/26/2018;TP-BR-18-EMBRAPA-NextGen;EmbrapaBAG.Plate03;EmbrapaBAG.Plate03_D03;D03;03D;BGM-0508;EMBRAPA;;Leaf;
06/26/2018;TP-BR-18-EMBRAPA-NextGen;EmbrapaBAG.Plate03;EmbrapaBAG.Plate03_D04;D04;04D;BGM-0509;EMBRAPA;;Leaf;
06/26/2018;TP-BR-18-EMBRAPA-NextGen;EmbrapaBAG.Plate03;EmbrapaBAG.Plate03_D05;D05;05D;BGM-0510;EMBRAPA;;Leaf;
06/26/2018;TP-BR-18-EMBRAPA-NextGen;EmbrapaBAG.Plate03;EmbrapaBAG.Plate03_D06;D06;06D;BGM-0512;EMBRAPA;;Leaf;
06/26/2018;TP-BR-18-EMBRAPA-NextGen;EmbrapaBAG.Plate03;EmbrapaBAG.Plate03_D07;D07;07D;BGM-0514;EMBRAPA;;Leaf;
06/26/2018;TP-BR-18-EMBRAPA-NextGen;EmbrapaBAG.Plate03;EmbrapaBAG.Plate03_D08;D08;08D;BGM-0517;EMBRAPA;;Leaf;
06/26/2018;TP-BR-18-EMBRAPA-NextGen;EmbrapaBAG.Plate03;EmbrapaBAG.Plate03_D09;D09;09D;BGM-0521;EMBRAPA;;Leaf;
06/26/2018;TP-BR-18-EMBRAPA-NextGen;EmbrapaBAG.Plate03;EmbrapaBAG.Plate03_D10;D10;10D;BGM-0523;EMBRAPA;;Leaf;
06/26/2018;TP-BR-18-EMBRAPA-NextGen;EmbrapaBAG.Plate03;EmbrapaBAG.Plate03_D11;D11;11D;BGM-0527;EMBRAPA;;Leaf;
06/26/2018;TP-BR-18-EMBRAPA-NextGen;EmbrapaBAG.Plate03;EmbrapaBAG.Plate03_D12;D12;12D;BGM-0529;EMBRAPA;;Leaf;
06/26/2018;TP-BR-18-EMBRAPA-NextGen;EmbrapaBAG.Plate03;EmbrapaBAG.Plate03_E01;E01;01E;BGM-0536;EMBRAPA;;Leaf;
06/26/2018;TP-BR-18-EMBRAPA-NextGen;EmbrapaBAG.Plate03;EmbrapaBAG.Plate03_E02;E02;02E;BGM-0537;EMBRAPA;;Leaf;
06/26/2018;TP-BR-18-EMBRAPA-NextGen;EmbrapaBAG.Plate03;EmbrapaBAG.Plate03_E03;E03;03E;BGM-0541;EMBRAPA;;Leaf;
06/26/2018;TP-BR-18-EMBRAPA-NextGen;EmbrapaBAG.Plate03;EmbrapaBAG.Plate03_E04;E04;04E;BGM-0542;EMBRAPA;;Leaf;
06/26/2018;TP-BR-18-EMBRAPA-NextGen;EmbrapaBAG.Plate03;EmbrapaBAG.Plate03_E05;E05;05E;BGM-0543;EMBRAPA;;Leaf;
06/26/2018;TP-BR-18-EMBRAPA-NextGen;EmbrapaBAG.Plate03;EmbrapaBAG.Plate03_E06;E06;06E;BGM-0547;EMBRAPA;;Leaf;
06/26/2018;TP-BR-18-EMBRAPA-NextGen;EmbrapaBAG.Plate03;EmbrapaBAG.Plate03_E07;E07;07E;BGM-0549;EMBRAPA;;Leaf;
06/26/2018;TP-BR-18-EMBRAPA-NextGen;EmbrapaBAG.Plate03;EmbrapaBAG.Plate03_E08;E08;08E;BGM-0550;EMBRAPA;;Leaf;
06/26/2018;TP-BR-18-EMBRAPA-NextGen;EmbrapaBAG.Plate03;EmbrapaBAG.Plate03_E09;E09;09E;BGM-0551;EMBRAPA;;Leaf;
06/26/2018;TP-BR-18-EMBRAPA-NextGen;EmbrapaBAG.Plate03;EmbrapaBAG.Plate03_E10;E10;10E;BGM-0555;EMBRAPA;;Leaf;
06/26/2018;TP-BR-18-EMBRAPA-NextGen;EmbrapaBAG.Plate03;EmbrapaBAG.Plate03_E11;E11;11E;BGM-0556;EMBRAPA;;Leaf;
06/26/2018;TP-BR-18-EMBRAPA-NextGen;EmbrapaBAG.Plate03;EmbrapaBAG.Plate03_E12;E12;12E;BGM-0557;EMBRAPA;;Leaf;
06/26/2018;TP-BR-18-EMBRAPA-NextGen;EmbrapaBAG.Plate03;EmbrapaBAG.Plate03_F01;F01;01F;BGM-0560;EMBRAPA;;Leaf;
06/26/2018;TP-BR-18-EMBRAPA-NextGen;EmbrapaBAG.Plate03;EmbrapaBAG.Plate03_F02;F02;02F;BGM-0561;EMBRAPA;;Leaf;
06/26/2018;TP-BR-18-EMBRAPA-NextGen;EmbrapaBAG.Plate03;EmbrapaBAG.Plate03_F03;F03;03F;BGM-0563;EMBRAPA;;Leaf;
06/26/2018;TP-BR-18-EMBRAPA-NextGen;EmbrapaBAG.Plate03;EmbrapaBAG.Plate03_F04;F04;04F;BGM-0564;EMBRAPA;;Leaf;
06/26/2018;TP-BR-18-EMBRAPA-NextGen;EmbrapaBAG.Plate03;EmbrapaBAG.Plate03_F05;F05;05F;BGM-0570;EMBRAPA;;Leaf;
06/26/2018;TP-BR-18-EMBRAPA-NextGen;EmbrapaBAG.Plate03;EmbrapaBAG.Plate03_F06;F06;06F;BGM-0573;EMBRAPA;;Leaf;
06/26/2018;TP-BR-18-EMBRAPA-NextGen;EmbrapaBAG.Plate03;EmbrapaBAG.Plate03_F07;F07;07F;BGM-0574;EMBRAPA;;Leaf;
06/26/2018;TP-BR-18-EMBRAPA-NextGen;EmbrapaBAG.Plate03;EmbrapaBAG.Plate03_F08;F08;08F;BGM-0576;EMBRAPA;;Leaf;
06/26/2018;TP-BR-18-EMBRAPA-NextGen;EmbrapaBAG.Plate03;EmbrapaBAG.Plate03_F09;F09;09F;BGM-0579;EMBRAPA;;Leaf;
06/26/2018;TP-BR-18-EMBRAPA-NextGen;EmbrapaBAG.Plate03;EmbrapaBAG.Plate03_F10;F10;10F;BGM-0583;EMBRAPA;;Leaf;
06/26/2018;TP-BR-18-EMBRAPA-NextGen;EmbrapaBAG.Plate03;EmbrapaBAG.Plate03_F11;F11;11F;BGM-0587;EMBRAPA;;Leaf;
06/26/2018;TP-BR-18-EMBRAPA-NextGen;EmbrapaBAG.Plate03;EmbrapaBAG.Plate03_F12;F12;12F;BGM-0589;EMBRAPA;;Leaf;
06/26/2018;TP-BR-18-EMBRAPA-NextGen;EmbrapaBAG.Plate03;EmbrapaBAG.Plate03_G01;G01;01G;BGM-0590;EMBRAPA;;Leaf;
06/26/2018;TP-BR-18-EMBRAPA-NextGen;EmbrapaBAG.Plate03;EmbrapaBAG.Plate03_G02;G02;02G;BGM-0591;EMBRAPA;;Leaf;
06/26/2018;TP-BR-18-EMBRAPA-NextGen;EmbrapaBAG.Plate03;EmbrapaBAG.Plate03_G03;G03;03G;BGM-0592;EMBRAPA;;Leaf;
06/26/2018;TP-BR-18-EMBRAPA-NextGen;EmbrapaBAG.Plate03;EmbrapaBAG.Plate03_G04;G04;04G;BGM-0593;EMBRAPA;;Leaf;
06/26/2018;TP-BR-18-EMBRAPA-NextGen;EmbrapaBAG.Plate03;EmbrapaBAG.Plate03_G05;G05;05G;BGM-0598;EMBRAPA;;Leaf;
06/26/2018;TP-BR-18-EMBRAPA-NextGen;EmbrapaBAG.Plate03;EmbrapaBAG.Plate03_G06;G06;06G;BGM-0603;EMBRAPA;;Leaf;
06/26/2018;TP-BR-18-EMBRAPA-NextGen;EmbrapaBAG.Plate03;EmbrapaBAG.Plate03_G07;G07;07G;BGM-0606;EMBRAPA;;Leaf;
06/26/2018;TP-BR-18-EMBRAPA-NextGen;EmbrapaBAG.Plate03;EmbrapaBAG.Plate03_G08;G08;08G;BGM-0607;EMBRAPA;;Leaf;
06/26/2018;TP-BR-18-EMBRAPA-NextGen;EmbrapaBAG.Plate03;EmbrapaBAG.Plate03_G09;G09;09G;BGM-0614;EMBRAPA;;Leaf;
06/26/2018;TP-BR-18-EMBRAPA-NextGen;EmbrapaBAG.Plate03;EmbrapaBAG.Plate03_G10;G10;10G;BGM-0615;EMBRAPA;;Leaf;
06/26/2018;TP-BR-18-EMBRAPA-NextGen;EmbrapaBAG.Plate03;EmbrapaBAG.Plate03_G11;G11;11G;BGM-0618;EMBRAPA;;Leaf;
06/26/2018;TP-BR-18-EMBRAPA-NextGen;EmbrapaBAG.Plate03;EmbrapaBAG.Plate03_G12;G12;12G;BLANK__G12;EMBRAPA;;Leaf;
06/26/2018;TP-BR-18-EMBRAPA-NextGen;EmbrapaBAG.Plate03;EmbrapaBAG.Plate03_H01;H01;01H;BGM-0620;EMBRAPA;;Leaf;
06/26/2018;TP-BR-18-EMBRAPA-NextGen;EmbrapaBAG.Plate03;EmbrapaBAG.Plate03_H02;H02;02H;BGM-0623;EMBRAPA;;Leaf;
06/26/2018;TP-BR-18-EMBRAPA-NextGen;EmbrapaBAG.Plate03;EmbrapaBAG.Plate03_H03;H03;03H;BGM-0624;EMBRAPA;;Leaf;
06/26/2018;TP-BR-18-EMBRAPA-NextGen;EmbrapaBAG.Plate03;EmbrapaBAG.Plate03_H04;H04;04H;BGM-0625;EMBRAPA;;Leaf;
06/26/2018;TP-BR-18-EMBRAPA-NextGen;EmbrapaBAG.Plate03;EmbrapaBAG.Plate03_H05;H05;05H;BGM-0630;EMBRAPA;;Leaf;
06/26/2018;TP-BR-18-EMBRAPA-NextGen;EmbrapaBAG.Plate03;EmbrapaBAG.Plate03_H06;H06;06H;BGM-0631;EMBRAPA;;Leaf;
06/26/2018;TP-BR-18-EMBRAPA-NextGen;EmbrapaBAG.Plate03;EmbrapaBAG.Plate03_H07;H07;07H;BGM-0635;EMBRAPA;;Leaf;
06/26/2018;TP-BR-18-EMBRAPA-NextGen;EmbrapaBAG.Plate03;EmbrapaBAG.Plate03_H08;H08;08H;BGM-0640;EMBRAPA;;Leaf;
06/26/2018;TP-BR-18-EMBRAPA-NextGen;EmbrapaBAG.Plate03;EmbrapaBAG.Plate03_H09;H09;09H;BGM-0642;EMBRAPA;;Leaf;
06/26/2018;TP-BR-18-EMBRAPA-NextGen;EmbrapaBAG.Plate03;EmbrapaBAG.Plate03_H10;H10;10H;BGM-0646;EMBRAPA;;Leaf;
06/26/2018;TP-BR-18-EMBRAPA-NextGen;EmbrapaBAG.Plate03;EmbrapaBAG.Plate03_H11;H11;11H;BGM-0648;EMBRAPA;;Leaf;
06/26/2018;TP-BR-18-EMBRAPA-NextGen;EmbrapaBAG.Plate03;EmbrapaBAG.Plate03_H12;H12;12H;BLANK__H12;EMBRAPA;;Leaf;
06/26/2018;TP-BR-18-EMBRAPA-NextGen;EmbrapaBAG.Plate04;EmbrapaBAG.Plate04_A01;A01;01A;BGM-0650;EMBRAPA;;Leaf;
06/26/2018;TP-BR-18-EMBRAPA-NextGen;EmbrapaBAG.Plate04;EmbrapaBAG.Plate04_A02;A02;02A;BGM-0651;EMBRAPA;;Leaf;
06/26/2018;TP-BR-18-EMBRAPA-NextGen;EmbrapaBAG.Plate04;EmbrapaBAG.Plate04_A03;A03;03A;BGM-0654;EMBRAPA;;Leaf;
06/26/2018;TP-BR-18-EMBRAPA-NextGen;EmbrapaBAG.Plate04;EmbrapaBAG.Plate04_A04;A04;04A;BGM-0655;EMBRAPA;;Leaf;
06/26/2018;TP-BR-18-EMBRAPA-NextGen;EmbrapaBAG.Plate04;EmbrapaBAG.Plate04_A05;A05;05A;BGM-0657;EMBRAPA;;Leaf;
06/26/2018;TP-BR-18-EMBRAPA-NextGen;EmbrapaBAG.Plate04;EmbrapaBAG.Plate04_A06;A06;06A;BGM-0658;EMBRAPA;;Leaf;
06/26/2018;TP-BR-18-EMBRAPA-NextGen;EmbrapaBAG.Plate04;EmbrapaBAG.Plate04_A07;A07;07A;BGM-0659;EMBRAPA;;Leaf;
06/26/2018;TP-BR-18-EMBRAPA-NextGen;EmbrapaBAG.Plate04;EmbrapaBAG.Plate04_A08;A08;08A;BGM-0660;EMBRAPA;;Leaf;
06/26/2018;TP-BR-18-EMBRAPA-NextGen;EmbrapaBAG.Plate04;EmbrapaBAG.Plate04_A09;A09;09A;BGM-0662;EMBRAPA;;Leaf;
06/26/2018;TP-BR-18-EMBRAPA-NextGen;EmbrapaBAG.Plate04;EmbrapaBAG.Plate04_A10;A10;10A;BGM-0664;EMBRAPA;;Leaf;
06/26/2018;TP-BR-18-EMBRAPA-NextGen;EmbrapaBAG.Plate04;EmbrapaBAG.Plate04_A11;A11;11A;BGM-0665;EMBRAPA;;Leaf;
06/26/2018;TP-BR-18-EMBRAPA-NextGen;EmbrapaBAG.Plate04;EmbrapaBAG.Plate04_A12;A12;12A;BGM-0670;EMBRAPA;;Leaf;
06/26/2018;TP-BR-18-EMBRAPA-NextGen;EmbrapaBAG.Plate04;EmbrapaBAG.Plate04_B01;B01;01B;BGM-0671;EMBRAPA;;Leaf;
06/26/2018;TP-BR-18-EMBRAPA-NextGen;EmbrapaBAG.Plate04;EmbrapaBAG.Plate04_B02;B02;02B;BGM-0673;EMBRAPA;;Leaf;
06/26/2018;TP-BR-18-EMBRAPA-NextGen;EmbrapaBAG.Plate04;EmbrapaBAG.Plate04_B03;B03;03B;BGM-0677;EMBRAPA;;Leaf;
06/26/2018;TP-BR-18-EMBRAPA-NextGen;EmbrapaBAG.Plate04;EmbrapaBAG.Plate04_B04;B04;04B;BGM-0678;EMBRAPA;;Leaf;
06/26/2018;TP-BR-18-EMBRAPA-NextGen;EmbrapaBAG.Plate04;EmbrapaBAG.Plate04_B05;B05;05B;BGM-0679;EMBRAPA;;Leaf;
06/26/2018;TP-BR-18-EMBRAPA-NextGen;EmbrapaBAG.Plate04;EmbrapaBAG.Plate04_B06;B06;06B;BGM-0680;EMBRAPA;;Leaf;
06/26/2018;TP-BR-18-EMBRAPA-NextGen;EmbrapaBAG.Plate04;EmbrapaBAG.Plate04_B07;B07;07B;BGM-0682;EMBRAPA;;Leaf;
06/26/2018;TP-BR-18-EMBRAPA-NextGen;EmbrapaBAG.Plate04;EmbrapaBAG.Plate04_B08;B08;08B;BGM-0685;EMBRAPA;;Leaf;
06/26/2018;TP-BR-18-EMBRAPA-NextGen;EmbrapaBAG.Plate04;EmbrapaBAG.Plate04_B09;B09;09B;BGM-0694;EMBRAPA;;Leaf;
06/26/2018;TP-BR-18-EMBRAPA-NextGen;EmbrapaBAG.Plate04;EmbrapaBAG.Plate04_B10;B10;10B;BGM-0697;EMBRAPA;;Leaf;
06/26/2018;TP-BR-18-EMBRAPA-NextGen;EmbrapaBAG.Plate04;EmbrapaBAG.Plate04_B11;B11;11B;BGM-0699;EMBRAPA;;Leaf;
06/26/2018;TP-BR-18-EMBRAPA-NextGen;EmbrapaBAG.Plate04;EmbrapaBAG.Plate04_B12;B12;12B;BGM-0700;EMBRAPA;;Leaf;
06/26/2018;TP-BR-18-EMBRAPA-NextGen;EmbrapaBAG.Plate04;EmbrapaBAG.Plate04_C01;C01;01C;BGM-0703;EMBRAPA;;Leaf;
06/26/2018;TP-BR-18-EMBRAPA-NextGen;EmbrapaBAG.Plate04;EmbrapaBAG.Plate04_C02;C02;02C;BGM-0707;EMBRAPA;;Leaf;
06/26/2018;TP-BR-18-EMBRAPA-NextGen;EmbrapaBAG.Plate04;EmbrapaBAG.Plate04_C03;C03;03C;BGM-0711;EMBRAPA;;Leaf;
06/26/2018;TP-BR-18-EMBRAPA-NextGen;EmbrapaBAG.Plate04;EmbrapaBAG.Plate04_C04;C04;04C;BGM-0714;EMBRAPA;;Leaf;
06/26/2018;TP-BR-18-EMBRAPA-NextGen;EmbrapaBAG.Plate04;EmbrapaBAG.Plate04_C05;C05;05C;BGM-0715;EMBRAPA;;Leaf;
06/26/2018;TP-BR-18-EMBRAPA-NextGen;EmbrapaBAG.Plate04;EmbrapaBAG.Plate04_C06;C06;06C;BGM-0718;EMBRAPA;;Leaf;
06/26/2018;TP-BR-18-EMBRAPA-NextGen;EmbrapaBAG.Plate04;EmbrapaBAG.Plate04_C07;C07;07C;BGM-0726;EMBRAPA;;Leaf;
06/26/2018;TP-BR-18-EMBRAPA-NextGen;EmbrapaBAG.Plate04;EmbrapaBAG.Plate04_C08;C08;08C;BGM-0728;EMBRAPA;;Leaf;
06/26/2018;TP-BR-18-EMBRAPA-NextGen;EmbrapaBAG.Plate04;EmbrapaBAG.Plate04_C09;C09;09C;BGM-0729;EMBRAPA;;Leaf;
06/26/2018;TP-BR-18-EMBRAPA-NextGen;EmbrapaBAG.Plate04;EmbrapaBAG.Plate04_C10;C10;10C;BGM-0779;EMBRAPA;;Leaf;
06/26/2018;TP-BR-18-EMBRAPA-NextGen;EmbrapaBAG.Plate04;EmbrapaBAG.Plate04_C11;C11;11C;BGM-0780;EMBRAPA;;Leaf;
06/26/2018;TP-BR-18-EMBRAPA-NextGen;EmbrapaBAG.Plate04;EmbrapaBAG.Plate04_C12;C12;12C;BGM-0781;EMBRAPA;;Leaf;
06/26/2018;TP-BR-18-EMBRAPA-NextGen;EmbrapaBAG.Plate04;EmbrapaBAG.Plate04_D01;D01;01D;BGM-0785;EMBRAPA;;Leaf;
06/26/2018;TP-BR-18-EMBRAPA-NextGen;EmbrapaBAG.Plate04;EmbrapaBAG.Plate04_D02;D02;02D;BGM-0788;EMBRAPA;;Leaf;
06/26/2018;TP-BR-18-EMBRAPA-NextGen;EmbrapaBAG.Plate04;EmbrapaBAG.Plate04_D03;D03;03D;BGM-0805;EMBRAPA;;Leaf;
06/26/2018;TP-BR-18-EMBRAPA-NextGen;EmbrapaBAG.Plate04;EmbrapaBAG.Plate04_D04;D04;04D;BGM-0806;EMBRAPA;;Leaf;
06/26/2018;TP-BR-18-EMBRAPA-NextGen;EmbrapaBAG.Plate04;EmbrapaBAG.Plate04_D05;D05;05D;BGM-0807;EMBRAPA;;Leaf;
06/26/2018;TP-BR-18-EMBRAPA-NextGen;EmbrapaBAG.Plate04;EmbrapaBAG.Plate04_D06;D06;06D;BGM-0808;EMBRAPA;;Leaf;
06/26/2018;TP-BR-18-EMBRAPA-NextGen;EmbrapaBAG.Plate04;EmbrapaBAG.Plate04_D07;D07;07D;BGM-0809;EMBRAPA;;Leaf;
06/26/2018;TP-BR-18-EMBRAPA-NextGen;EmbrapaBAG.Plate04;EmbrapaBAG.Plate04_D08;D08;08D;BGM-0810;EMBRAPA;;Leaf;
06/26/2018;TP-BR-18-EMBRAPA-NextGen;EmbrapaBAG.Plate04;EmbrapaBAG.Plate04_D09;D09;09D;BGM-0812;EMBRAPA;;Leaf;
06/26/2018;TP-BR-18-EMBRAPA-NextGen;EmbrapaBAG.Plate04;EmbrapaBAG.Plate04_D10;D10;10D;BGM-0813;EMBRAPA;;Leaf;
06/26/2018;TP-BR-18-EMBRAPA-NextGen;EmbrapaBAG.Plate04;EmbrapaBAG.Plate04_D11;D11;11D;BGM-0814;EMBRAPA;;Leaf;
06/26/2018;TP-BR-18-EMBRAPA-NextGen;EmbrapaBAG.Plate04;EmbrapaBAG.Plate04_D12;D12;12D;BGM-0816;EMBRAPA;;Leaf;
06/26/2018;TP-BR-18-EMBRAPA-NextGen;EmbrapaBAG.Plate04;EmbrapaBAG.Plate04_E01;E01;01E;BGM-0817;EMBRAPA;;Leaf;
06/26/2018;TP-BR-18-EMBRAPA-NextGen;EmbrapaBAG.Plate04;EmbrapaBAG.Plate04_E02;E02;02E;BGM-0820;EMBRAPA;;Leaf;
06/26/2018;TP-BR-18-EMBRAPA-NextGen;EmbrapaBAG.Plate04;EmbrapaBAG.Plate04_E03;E03;03E;BGM-0823;EMBRAPA;;Leaf;
06/26/2018;TP-BR-18-EMBRAPA-NextGen;EmbrapaBAG.Plate04;EmbrapaBAG.Plate04_E04;E04;04E;BGM-0843;EMBRAPA;;Leaf;
06/26/2018;TP-BR-18-EMBRAPA-NextGen;EmbrapaBAG.Plate04;EmbrapaBAG.Plate04_E05;E05;05E;BGM-0846;EMBRAPA;;Leaf;
06/26/2018;TP-BR-18-EMBRAPA-NextGen;EmbrapaBAG.Plate04;EmbrapaBAG.Plate04_E06;E06;06E;BGM-0848;EMBRAPA;;Leaf;
06/26/2018;TP-BR-18-EMBRAPA-NextGen;EmbrapaBAG.Plate04;EmbrapaBAG.Plate04_E07;E07;07E;BGM-0849;EMBRAPA;;Leaf;
06/26/2018;TP-BR-18-EMBRAPA-NextGen;EmbrapaBAG.Plate04;EmbrapaBAG.Plate04_E08;E08;08E;BGM-0850;EMBRAPA;;Leaf;
06/26/2018;TP-BR-18-EMBRAPA-NextGen;EmbrapaBAG.Plate04;EmbrapaBAG.Plate04_E09;E09;09E;BGM-0851;EMBRAPA;;Leaf;
06/26/2018;TP-BR-18-EMBRAPA-NextGen;EmbrapaBAG.Plate04;EmbrapaBAG.Plate04_E10;E10;10E;BGM-0856;EMBRAPA;;Leaf;
06/26/2018;TP-BR-18-EMBRAPA-NextGen;EmbrapaBAG.Plate04;EmbrapaBAG.Plate04_E11;E11;11E;BGM-0857;EMBRAPA;;Leaf;
06/26/2018;TP-BR-18-EMBRAPA-NextGen;EmbrapaBAG.Plate04;EmbrapaBAG.Plate04_E12;E12;12E;BGM-0858;EMBRAPA;;Leaf;
06/26/2018;TP-BR-18-EMBRAPA-NextGen;EmbrapaBAG.Plate04;EmbrapaBAG.Plate04_F01;F01;01F;BGM-0859;EMBRAPA;;Leaf;
06/26/2018;TP-BR-18-EMBRAPA-NextGen;EmbrapaBAG.Plate04;EmbrapaBAG.Plate04_F02;F02;02F;BGM-0863;EMBRAPA;;Leaf;
06/26/2018;TP-BR-18-EMBRAPA-NextGen;EmbrapaBAG.Plate04;EmbrapaBAG.Plate04_F03;F03;03F;BGM-0866;EMBRAPA;;Leaf;
06/26/2018;TP-BR-18-EMBRAPA-NextGen;EmbrapaBAG.Plate04;EmbrapaBAG.Plate04_F04;F04;04F;BGM-0872;EMBRAPA;;Leaf;
06/26/2018;TP-BR-18-EMBRAPA-NextGen;EmbrapaBAG.Plate04;EmbrapaBAG.Plate04_F05;F05;05F;BGM-0873;EMBRAPA;;Leaf;
06/26/2018;TP-BR-18-EMBRAPA-NextGen;EmbrapaBAG.Plate04;EmbrapaBAG.Plate04_F06;F06;06F;BGM-0875;EMBRAPA;;Leaf;
06/26/2018;TP-BR-18-EMBRAPA-NextGen;EmbrapaBAG.Plate04;EmbrapaBAG.Plate04_F07;F07;07F;BGM-0877;EMBRAPA;;Leaf;
06/26/2018;TP-BR-18-EMBRAPA-NextGen;EmbrapaBAG.Plate04;EmbrapaBAG.Plate04_F08;F08;08F;BGM-0878;EMBRAPA;;Leaf;
06/26/2018;TP-BR-18-EMBRAPA-NextGen;EmbrapaBAG.Plate04;EmbrapaBAG.Plate04_F09;F09;09F;BGM-0882;EMBRAPA;;Leaf;
06/26/2018;TP-BR-18-EMBRAPA-NextGen;EmbrapaBAG.Plate04;EmbrapaBAG.Plate04_F10;F10;10F;BGM-0886;EMBRAPA;;Leaf;
06/26/2018;TP-BR-18-EMBRAPA-NextGen;EmbrapaBAG.Plate04;EmbrapaBAG.Plate04_F11;F11;11F;BGM-0889;EMBRAPA;;Leaf;
06/26/2018;TP-BR-18-EMBRAPA-NextGen;EmbrapaBAG.Plate04;EmbrapaBAG.Plate04_F12;F12;12F;BGM-0892;EMBRAPA;;Leaf;
06/26/2018;TP-BR-18-EMBRAPA-NextGen;EmbrapaBAG.Plate04;EmbrapaBAG.Plate04_G01;G01;01G;BGM-0893;EMBRAPA;;Leaf;
06/26/2018;TP-BR-18-EMBRAPA-NextGen;EmbrapaBAG.Plate04;EmbrapaBAG.Plate04_G02;G02;02G;BGM-0894;EMBRAPA;;Leaf;
06/26/2018;TP-BR-18-EMBRAPA-NextGen;EmbrapaBAG.Plate04;EmbrapaBAG.Plate04_G03;G03;03G;BGM-0898;EMBRAPA;;Leaf;
06/26/2018;TP-BR-18-EMBRAPA-NextGen;EmbrapaBAG.Plate04;EmbrapaBAG.Plate04_G04;G04;04G;BGM-0900;EMBRAPA;;Leaf;
06/26/2018;TP-BR-18-EMBRAPA-NextGen;EmbrapaBAG.Plate04;EmbrapaBAG.Plate04_G05;G05;05G;BGM-0901;EMBRAPA;;Leaf;
06/26/2018;TP-BR-18-EMBRAPA-NextGen;EmbrapaBAG.Plate04;EmbrapaBAG.Plate04_G06;G06;06G;BGM-0902;EMBRAPA;;Leaf;
06/26/2018;TP-BR-18-EMBRAPA-NextGen;EmbrapaBAG.Plate04;EmbrapaBAG.Plate04_G07;G07;07G;BGM-0903;EMBRAPA;;Leaf;
06/26/2018;TP-BR-18-EMBRAPA-NextGen;EmbrapaBAG.Plate04;EmbrapaBAG.Plate04_G08;G08;08G;BGM-0905;EMBRAPA;;Leaf;
06/26/2018;TP-BR-18-EMBRAPA-NextGen;EmbrapaBAG.Plate04;EmbrapaBAG.Plate04_G09;G09;09G;BGM-0906;EMBRAPA;;Leaf;
06/26/2018;TP-BR-18-EMBRAPA-NextGen;EmbrapaBAG.Plate04;EmbrapaBAG.Plate04_G10;G10;10G;BGM-0909;EMBRAPA;;Leaf;
06/26/2018;TP-BR-18-EMBRAPA-NextGen;EmbrapaBAG.Plate04;EmbrapaBAG.Plate04_G11;G11;11G;BGM-0914;EMBRAPA;;Leaf;
06/26/2018;TP-BR-18-EMBRAPA-NextGen;EmbrapaBAG.Plate04;EmbrapaBAG.Plate04_G12;G12;12G;BLANK__G12;EMBRAPA;;Leaf;
06/26/2018;TP-BR-18-EMBRAPA-NextGen;EmbrapaBAG.Plate04;EmbrapaBAG.Plate04_H01;H01;01H;BGM-0915;EMBRAPA;;Leaf;
06/26/2018;TP-BR-18-EMBRAPA-NextGen;EmbrapaBAG.Plate04;EmbrapaBAG.Plate04_H02;H02;02H;BGM-0917;EMBRAPA;;Leaf;
06/26/2018;TP-BR-18-EMBRAPA-NextGen;EmbrapaBAG.Plate04;EmbrapaBAG.Plate04_H03;H03;03H;BGM-0918;EMBRAPA;;Leaf;
06/26/2018;TP-BR-18-EMBRAPA-NextGen;EmbrapaBAG.Plate04;EmbrapaBAG.Plate04_H04;H04;04H;BGM-0919;EMBRAPA;;Leaf;
06/26/2018;TP-BR-18-EMBRAPA-NextGen;EmbrapaBAG.Plate04;EmbrapaBAG.Plate04_H05;H05;05H;BGM-0920;EMBRAPA;;Leaf;
06/26/2018;TP-BR-18-EMBRAPA-NextGen;EmbrapaBAG.Plate04;EmbrapaBAG.Plate04_H06;H06;06H;BGM-0922;EMBRAPA;;Leaf;
06/26/2018;TP-BR-18-EMBRAPA-NextGen;EmbrapaBAG.Plate04;EmbrapaBAG.Plate04_H07;H07;07H;BGM-0925;EMBRAPA;;Leaf;
06/26/2018;TP-BR-18-EMBRAPA-NextGen;EmbrapaBAG.Plate04;EmbrapaBAG.Plate04_H08;H08;08H;BGM-0930;EMBRAPA;;Leaf;
06/26/2018;TP-BR-18-EMBRAPA-NextGen;EmbrapaBAG.Plate04;EmbrapaBAG.Plate04_H09;H09;09H;BGM-0934;EMBRAPA;;Leaf;
06/26/2018;TP-BR-18-EMBRAPA-NextGen;EmbrapaBAG.Plate04;EmbrapaBAG.Plate04_H10;H10;10H;BGM-0935;EMBRAPA;;Leaf;
06/26/2018;TP-BR-18-EMBRAPA-NextGen;EmbrapaBAG.Plate04;EmbrapaBAG.Plate04_H11;H11;11H;BGM-0936;EMBRAPA;;Leaf;
06/26/2018;TP-BR-18-EMBRAPA-NextGen;EmbrapaBAG.Plate04;EmbrapaBAG.Plate04_H12;H12;12H;BLANK__H12;EMBRAPA;;Leaf;
06/26/2018;TP-BR-18-EMBRAPA-NextGen;EmbrapaBAG.Plate05;EmbrapaBAG.Plate05_A01;A01;01A;BGM-0937;EMBRAPA;;Leaf;
06/26/2018;TP-BR-18-EMBRAPA-NextGen;EmbrapaBAG.Plate05;EmbrapaBAG.Plate05_A02;A02;02A;BGM-0940;EMBRAPA;;Leaf;
06/26/2018;TP-BR-18-EMBRAPA-NextGen;EmbrapaBAG.Plate05;EmbrapaBAG.Plate05_A03;A03;03A;BGM-0941;EMBRAPA;;Leaf;
06/26/2018;TP-BR-18-EMBRAPA-NextGen;EmbrapaBAG.Plate05;EmbrapaBAG.Plate05_A04;A04;04A;BGM-0942;EMBRAPA;;Leaf;
06/26/2018;TP-BR-18-EMBRAPA-NextGen;EmbrapaBAG.Plate05;EmbrapaBAG.Plate05_A05;A05;05A;BGM-0943;EMBRAPA;;Leaf;
06/26/2018;TP-BR-18-EMBRAPA-NextGen;EmbrapaBAG.Plate05;EmbrapaBAG.Plate05_A06;A06;06A;BGM-0944;EMBRAPA;;Leaf;
06/26/2018;TP-BR-18-EMBRAPA-NextGen;EmbrapaBAG.Plate05;EmbrapaBAG.Plate05_A07;A07;07A;BGM-0945;EMBRAPA;;Leaf;
06/26/2018;TP-BR-18-EMBRAPA-NextGen;EmbrapaBAG.Plate05;EmbrapaBAG.Plate05_A08;A08;08A;BGM-0946;EMBRAPA;;Leaf;
06/26/2018;TP-BR-18-EMBRAPA-NextGen;EmbrapaBAG.Plate05;EmbrapaBAG.Plate05_A09;A09;09A;BGM-0948;EMBRAPA;;Leaf;
06/26/2018;TP-BR-18-EMBRAPA-NextGen;EmbrapaBAG.Plate05;EmbrapaBAG.Plate05_A10;A10;10A;BGM-0949;EMBRAPA;;Leaf;
06/26/2018;TP-BR-18-EMBRAPA-NextGen;EmbrapaBAG.Plate05;EmbrapaBAG.Plate05_A11;A11;11A;BGM-0952;EMBRAPA;;Leaf;
06/26/2018;TP-BR-18-EMBRAPA-NextGen;EmbrapaBAG.Plate05;EmbrapaBAG.Plate05_A12;A12;12A;BGM-0953;EMBRAPA;;Leaf;
06/26/2018;TP-BR-18-EMBRAPA-NextGen;EmbrapaBAG.Plate05;EmbrapaBAG.Plate05_B01;B01;01B;BGM-0954;EMBRAPA;;Leaf;
06/26/2018;TP-BR-18-EMBRAPA-NextGen;EmbrapaBAG.Plate05;EmbrapaBAG.Plate05_B02;B02;02B;BGM-0955;EMBRAPA;;Leaf;
06/26/2018;TP-BR-18-EMBRAPA-NextGen;EmbrapaBAG.Plate05;EmbrapaBAG.Plate05_B03;B03;03B;BGM-0957;EMBRAPA;;Leaf;
06/26/2018;TP-BR-18-EMBRAPA-NextGen;EmbrapaBAG.Plate05;EmbrapaBAG.Plate05_B04;B04;04B;BGM-0958;EMBRAPA;;Leaf;
06/26/2018;TP-BR-18-EMBRAPA-NextGen;EmbrapaBAG.Plate05;EmbrapaBAG.Plate05_B05;B05;05B;BGM-0959;EMBRAPA;;Leaf;
06/26/2018;TP-BR-18-EMBRAPA-NextGen;EmbrapaBAG.Plate05;EmbrapaBAG.Plate05_B06;B06;06B;BGM-0960;EMBRAPA;;Leaf;
06/26/2018;TP-BR-18-EMBRAPA-NextGen;EmbrapaBAG.Plate05;EmbrapaBAG.Plate05_B07;B07;07B;BGM-0961;EMBRAPA;;Leaf;
06/26/2018;TP-BR-18-EMBRAPA-NextGen;EmbrapaBAG.Plate05;EmbrapaBAG.Plate05_B08;B08;08B;BGM-0962;EMBRAPA;;Leaf;
06/26/2018;TP-BR-18-EMBRAPA-NextGen;EmbrapaBAG.Plate05;EmbrapaBAG.Plate05_B09;B09;09B;BGM-0963;EMBRAPA;;Leaf;
06/26/2018;TP-BR-18-EMBRAPA-NextGen;EmbrapaBAG.Plate05;EmbrapaBAG.Plate05_B10;B10;10B;BGM-0966;EMBRAPA;;Leaf;
06/26/2018;TP-BR-18-EMBRAPA-NextGen;EmbrapaBAG.Plate05;EmbrapaBAG.Plate05_B11;B11;11B;BGM-0967;EMBRAPA;;Leaf;
06/26/2018;TP-BR-18-EMBRAPA-NextGen;EmbrapaBAG.Plate05;EmbrapaBAG.Plate05_B12;B12;12B;BGM-0968;EMBRAPA;;Leaf;
06/26/2018;TP-BR-18-EMBRAPA-NextGen;EmbrapaBAG.Plate05;EmbrapaBAG.Plate05_C01;C01;01C;BGM-0971;EMBRAPA;;Leaf;
06/26/2018;TP-BR-18-EMBRAPA-NextGen;EmbrapaBAG.Plate05;EmbrapaBAG.Plate05_C02;C02;02C;BGM-0972;EMBRAPA;;Leaf;
06/26/2018;TP-BR-18-EMBRAPA-NextGen;EmbrapaBAG.Plate05;EmbrapaBAG.Plate05_C03;C03;03C;BGM-0973;EMBRAPA;;Leaf;
06/26/2018;TP-BR-18-EMBRAPA-NextGen;EmbrapaBAG.Plate05;EmbrapaBAG.Plate05_C04;C04;04C;BGM-0974;EMBRAPA;;Leaf;
06/26/2018;TP-BR-18-EMBRAPA-NextGen;EmbrapaBAG.Plate05;EmbrapaBAG.Plate05_C05;C05;05C;BGM-0975;EMBRAPA;;Leaf;
06/26/2018;TP-BR-18-EMBRAPA-NextGen;EmbrapaBAG.Plate05;EmbrapaBAG.Plate05_C06;C06;06C;BGM-0976;EMBRAPA;;Leaf;
06/26/2018;TP-BR-18-EMBRAPA-NextGen;EmbrapaBAG.Plate05;EmbrapaBAG.Plate05_C07;C07;07C;BGM-0978;EMBRAPA;;Leaf;
06/26/2018;TP-BR-18-EMBRAPA-NextGen;EmbrapaBAG.Plate05;EmbrapaBAG.Plate05_C08;C08;08C;BGM-0979;EMBRAPA;;Leaf;
06/26/2018;TP-BR-18-EMBRAPA-NextGen;EmbrapaBAG.Plate05;EmbrapaBAG.Plate05_C09;C09;09C;BGM-0980;EMBRAPA;;Leaf;
06/26/2018;TP-BR-18-EMBRAPA-NextGen;EmbrapaBAG.Plate05;EmbrapaBAG.Plate05_C10;C10;10C;BGM-0981;EMBRAPA;;Leaf;
06/26/2018;TP-BR-18-EMBRAPA-NextGen;EmbrapaBAG.Plate05;EmbrapaBAG.Plate05_C11;C11;11C;BGM-0982;EMBRAPA;;Leaf;
06/26/2018;TP-BR-18-EMBRAPA-NextGen;EmbrapaBAG.Plate05;EmbrapaBAG.Plate05_C12;C12;12C;BGM-0985;EMBRAPA;;Leaf;
06/26/2018;TP-BR-18-EMBRAPA-NextGen;EmbrapaBAG.Plate05;EmbrapaBAG.Plate05_D01;D01;01D;BGM-0986;EMBRAPA;;Leaf;
06/26/2018;TP-BR-18-EMBRAPA-NextGen;EmbrapaBAG.Plate05;EmbrapaBAG.Plate05_D02;D02;02D;BGM-0987;EMBRAPA;;Leaf;
06/26/2018;TP-BR-18-EMBRAPA-NextGen;EmbrapaBAG.Plate05;EmbrapaBAG.Plate05_D03;D03;03D;BGM-0989;EMBRAPA;;Leaf;
06/26/2018;TP-BR-18-EMBRAPA-NextGen;EmbrapaBAG.Plate05;EmbrapaBAG.Plate05_D04;D04;04D;BGM-0992;EMBRAPA;;Leaf;
06/26/2018;TP-BR-18-EMBRAPA-NextGen;EmbrapaBAG.Plate05;EmbrapaBAG.Plate05_D05;D05;05D;BGM-0993;EMBRAPA;;Leaf;
06/26/2018;TP-BR-18-EMBRAPA-NextGen;EmbrapaBAG.Plate05;EmbrapaBAG.Plate05_D06;D06;06D;BGM-0994;EMBRAPA;;Leaf;
06/26/2018;TP-BR-18-EMBRAPA-NextGen;EmbrapaBAG.Plate05;EmbrapaBAG.Plate05_D07;D07;07D;BGM-0995;EMBRAPA;;Leaf;
06/26/2018;TP-BR-18-EMBRAPA-NextGen;EmbrapaBAG.Plate05;EmbrapaBAG.Plate05_D08;D08;08D;BGM-0996;EMBRAPA;;Leaf;
06/26/2018;TP-BR-18-EMBRAPA-NextGen;EmbrapaBAG.Plate05;EmbrapaBAG.Plate05_D09;D09;09D;BGM-0998;EMBRAPA;;Leaf;
06/26/2018;TP-BR-18-EMBRAPA-NextGen;EmbrapaBAG.Plate05;EmbrapaBAG.Plate05_D10;D10;10D;BGM-1006;EMBRAPA;;Leaf;
06/26/2018;TP-BR-18-EMBRAPA-NextGen;EmbrapaBAG.Plate05;EmbrapaBAG.Plate05_D11;D11;11D;BGM-1025;EMBRAPA;;Leaf;
06/26/2018;TP-BR-18-EMBRAPA-NextGen;EmbrapaBAG.Plate05;EmbrapaBAG.Plate05_D12;D12;12D;BGM-1029;EMBRAPA;;Leaf;
06/26/2018;TP-BR-18-EMBRAPA-NextGen;EmbrapaBAG.Plate05;EmbrapaBAG.Plate05_E01;E01;01E;BGM-1031;EMBRAPA;;Leaf;
06/26/2018;TP-BR-18-EMBRAPA-NextGen;EmbrapaBAG.Plate05;EmbrapaBAG.Plate05_E02;E02;02E;BGM-1041;EMBRAPA;;Leaf;
06/26/2018;TP-BR-18-EMBRAPA-NextGen;EmbrapaBAG.Plate05;EmbrapaBAG.Plate05_E03;E03;03E;BGM-1042;EMBRAPA;;Leaf;
06/26/2018;TP-BR-18-EMBRAPA-NextGen;EmbrapaBAG.Plate05;EmbrapaBAG.Plate05_E04;E04;04E;BGM-1044;EMBRAPA;;Leaf;
06/26/2018;TP-BR-18-EMBRAPA-NextGen;EmbrapaBAG.Plate05;EmbrapaBAG.Plate05_E05;E05;05E;BGM-1055;EMBRAPA;;Leaf;
06/26/2018;TP-BR-18-EMBRAPA-NextGen;EmbrapaBAG.Plate05;EmbrapaBAG.Plate05_E06;E06;06E;BGM-1060;EMBRAPA;;Leaf;
06/26/2018;TP-BR-18-EMBRAPA-NextGen;EmbrapaBAG.Plate05;EmbrapaBAG.Plate05_E07;E07;07E;BGM-1064;EMBRAPA;;Leaf;
06/26/2018;TP-BR-18-EMBRAPA-NextGen;EmbrapaBAG.Plate05;EmbrapaBAG.Plate05_E08;E08;08E;BGM-1067;EMBRAPA;;Leaf;
06/26/2018;TP-BR-18-EMBRAPA-NextGen;EmbrapaBAG.Plate05;EmbrapaBAG.Plate05_E09;E09;09E;BGM-1068;EMBRAPA;;Leaf;
06/26/2018;TP-BR-18-EMBRAPA-NextGen;EmbrapaBAG.Plate05;EmbrapaBAG.Plate05_E10;E10;10E;BGM-1073;EMBRAPA;;Leaf;
06/26/2018;TP-BR-18-EMBRAPA-NextGen;EmbrapaBAG.Plate05;EmbrapaBAG.Plate05_E11;E11;11E;BGM-1077;EMBRAPA;;Leaf;
06/26/2018;TP-BR-18-EMBRAPA-NextGen;EmbrapaBAG.Plate05;EmbrapaBAG.Plate05_E12;E12;12E;BGM-1078;EMBRAPA;;Leaf;
06/26/2018;TP-BR-18-EMBRAPA-NextGen;EmbrapaBAG.Plate05;EmbrapaBAG.Plate05_F01;F01;01F;BGM-1079;EMBRAPA;;Leaf;
06/26/2018;TP-BR-18-EMBRAPA-NextGen;EmbrapaBAG.Plate05;EmbrapaBAG.Plate05_F02;F02;02F;BGM-0465;EMBRAPA;;Leaf;
06/26/2018;TP-BR-18-EMBRAPA-NextGen;EmbrapaBAG.Plate05;EmbrapaBAG.Plate05_F03;F03;03F;BGM-1081;EMBRAPA;;Leaf;
06/26/2018;TP-BR-18-EMBRAPA-NextGen;EmbrapaBAG.Plate05;EmbrapaBAG.Plate05_F04;F04;04F;BGM-1082;EMBRAPA;;Leaf;
06/26/2018;TP-BR-18-EMBRAPA-NextGen;EmbrapaBAG.Plate05;EmbrapaBAG.Plate05_F05;F05;05F;BGM-1087;EMBRAPA;;Leaf;
06/26/2018;TP-BR-18-EMBRAPA-NextGen;EmbrapaBAG.Plate05;EmbrapaBAG.Plate05_F06;F06;06F;BGM-1091;EMBRAPA;;Leaf;
06/26/2018;TP-BR-18-EMBRAPA-NextGen;EmbrapaBAG.Plate05;EmbrapaBAG.Plate05_F07;F07;07F;BGM-1103;EMBRAPA;;Leaf;
06/26/2018;TP-BR-18-EMBRAPA-NextGen;EmbrapaBAG.Plate05;EmbrapaBAG.Plate05_F08;F08;08F;BGM-1105;EMBRAPA;;Leaf;
06/26/2018;TP-BR-18-EMBRAPA-NextGen;EmbrapaBAG.Plate05;EmbrapaBAG.Plate05_F09;F09;09F;BGM-1106;EMBRAPA;;Leaf;
06/26/2018;TP-BR-18-EMBRAPA-NextGen;EmbrapaBAG.Plate05;EmbrapaBAG.Plate05_F10;F10;10F;BGM-1107;EMBRAPA;;Leaf;
06/26/2018;TP-BR-18-EMBRAPA-NextGen;EmbrapaBAG.Plate05;EmbrapaBAG.Plate05_F11;F11;11F;BGM-1108;EMBRAPA;;Leaf;
06/26/2018;TP-BR-18-EMBRAPA-NextGen;EmbrapaBAG.Plate05;EmbrapaBAG.Plate05_F12;F12;12F;BGM-1110;EMBRAPA;;Leaf;
06/26/2018;TP-BR-18-EMBRAPA-NextGen;EmbrapaBAG.Plate05;EmbrapaBAG.Plate05_G01;G01;01G;BGM-1111;EMBRAPA;;Leaf;
06/26/2018;TP-BR-18-EMBRAPA-NextGen;EmbrapaBAG.Plate05;EmbrapaBAG.Plate05_G02;G02;02G;BGM-1115;EMBRAPA;;Leaf;
06/26/2018;TP-BR-18-EMBRAPA-NextGen;EmbrapaBAG.Plate05;EmbrapaBAG.Plate05_G03;G03;03G;BGM-1118;EMBRAPA;;Leaf;
06/26/2018;TP-BR-18-EMBRAPA-NextGen;EmbrapaBAG.Plate05;EmbrapaBAG.Plate05_G04;G04;04G;BGM-1119;EMBRAPA;;Leaf;
06/26/2018;TP-BR-18-EMBRAPA-NextGen;EmbrapaBAG.Plate05;EmbrapaBAG.Plate05_G05;G05;05G;BGM-1120;EMBRAPA;;Leaf;
06/26/2018;TP-BR-18-EMBRAPA-NextGen;EmbrapaBAG.Plate05;EmbrapaBAG.Plate05_G06;G06;06G;BGM-1126;EMBRAPA;;Leaf;
06/26/2018;TP-BR-18-EMBRAPA-NextGen;EmbrapaBAG.Plate05;EmbrapaBAG.Plate05_G07;G07;07G;BGM-1127;EMBRAPA;;Leaf;
06/26/2018;TP-BR-18-EMBRAPA-NextGen;EmbrapaBAG.Plate05;EmbrapaBAG.Plate05_G08;G08;08G;BGM-1128;EMBRAPA;;Leaf;
06/26/2018;TP-BR-18-EMBRAPA-NextGen;EmbrapaBAG.Plate05;EmbrapaBAG.Plate05_G09;G09;09G;BGM-1134;EMBRAPA;;Leaf;
06/26/2018;TP-BR-18-EMBRAPA-NextGen;EmbrapaBAG.Plate05;EmbrapaBAG.Plate05_G10;G10;10G;BGM-1137;EMBRAPA;;Leaf;
06/26/2018;TP-BR-18-EMBRAPA-NextGen;EmbrapaBAG.Plate05;EmbrapaBAG.Plate05_G11;G11;11G;BGM-1139;EMBRAPA;;Leaf;
06/26/2018;TP-BR-18-EMBRAPA-NextGen;EmbrapaBAG.Plate05;EmbrapaBAG.Plate05_G12;G12;12G;BLANK__G12;EMBRAPA;;Leaf;
06/26/2018;TP-BR-18-EMBRAPA-NextGen;EmbrapaBAG.Plate05;EmbrapaBAG.Plate05_H01;H01;01H;BGM-1141;EMBRAPA;;Leaf;
06/26/2018;TP-BR-18-EMBRAPA-NextGen;EmbrapaBAG.Plate05;EmbrapaBAG.Plate05_H02;H02;02H;BGM-1142;EMBRAPA;;Leaf;
06/26/2018;TP-BR-18-EMBRAPA-NextGen;EmbrapaBAG.Plate05;EmbrapaBAG.Plate05_H03;H03;03H;BGM-1143;EMBRAPA;;Leaf;
06/26/2018;TP-BR-18-EMBRAPA-NextGen;EmbrapaBAG.Plate05;EmbrapaBAG.Plate05_H04;H04;04H;BGM-1152;EMBRAPA;;Leaf;
06/26/2018;TP-BR-18-EMBRAPA-NextGen;EmbrapaBAG.Plate05;EmbrapaBAG.Plate05_H05;H05;05H;BGM-1153;EMBRAPA;;Leaf;
06/26/2018;TP-BR-18-EMBRAPA-NextGen;EmbrapaBAG.Plate05;EmbrapaBAG.Plate05_H06;H06;06H;BGM-1155;EMBRAPA;;Leaf;
06/26/2018;TP-BR-18-EMBRAPA-NextGen;EmbrapaBAG.Plate05;EmbrapaBAG.Plate05_H07;H07;07H;BGM-1158;EMBRAPA;;Leaf;
06/26/2018;TP-BR-18-EMBRAPA-NextGen;EmbrapaBAG.Plate05;EmbrapaBAG.Plate05_H08;H08;08H;BGM-1159;EMBRAPA;;Leaf;
06/26/2018;TP-BR-18-EMBRAPA-NextGen;EmbrapaBAG.Plate05;EmbrapaBAG.Plate05_H09;H09;09H;BGM-1162;EMBRAPA;;Leaf;
06/26/2018;TP-BR-18-EMBRAPA-NextGen;EmbrapaBAG.Plate05;EmbrapaBAG.Plate05_H10;H10;10H;BGM-1163;EMBRAPA;;Leaf;
06/26/2018;TP-BR-18-EMBRAPA-NextGen;EmbrapaBAG.Plate05;EmbrapaBAG.Plate05_H11;H11;11H;BGM-1164;EMBRAPA;;Leaf;
06/26/2018;TP-BR-18-EMBRAPA-NextGen;EmbrapaBAG.Plate05;EmbrapaBAG.Plate05_H12;H12;12H;BLANK__H12;EMBRAPA;;Leaf;
06/26/2018;TP-BR-18-EMBRAPA-NextGen;EmbrapaBAG.Plate06;EmbrapaBAG.Plate06_A01;A01;01A;BGM-1167;EMBRAPA;;Leaf;
06/26/2018;TP-BR-18-EMBRAPA-NextGen;EmbrapaBAG.Plate06;EmbrapaBAG.Plate06_A02;A02;02A;BGM-1168;EMBRAPA;;Leaf;
06/26/2018;TP-BR-18-EMBRAPA-NextGen;EmbrapaBAG.Plate06;EmbrapaBAG.Plate06_A03;A03;03A;BGM-1175;EMBRAPA;;Leaf;
06/26/2018;TP-BR-18-EMBRAPA-NextGen;EmbrapaBAG.Plate06;EmbrapaBAG.Plate06_A04;A04;04A;BGM-1180;EMBRAPA;;Leaf;
06/26/2018;TP-BR-18-EMBRAPA-NextGen;EmbrapaBAG.Plate06;EmbrapaBAG.Plate06_A05;A05;05A;BGM-1188;EMBRAPA;;Leaf;
06/26/2018;TP-BR-18-EMBRAPA-NextGen;EmbrapaBAG.Plate06;EmbrapaBAG.Plate06_A06;A06;06A;BGM-1190;EMBRAPA;;Leaf;
06/26/2018;TP-BR-18-EMBRAPA-NextGen;EmbrapaBAG.Plate06;EmbrapaBAG.Plate06_A07;A07;07A;BGM-1196;EMBRAPA;;Leaf;
06/26/2018;TP-BR-18-EMBRAPA-NextGen;EmbrapaBAG.Plate06;EmbrapaBAG.Plate06_A08;A08;08A;BGM-1198;EMBRAPA;;Leaf;
06/26/2018;TP-BR-18-EMBRAPA-NextGen;EmbrapaBAG.Plate06;EmbrapaBAG.Plate06_A09;A09;09A;BGM-1200;EMBRAPA;;Leaf;
06/26/2018;TP-BR-18-EMBRAPA-NextGen;EmbrapaBAG.Plate06;EmbrapaBAG.Plate06_A10;A10;10A;BGM-1203;EMBRAPA;;Leaf;
06/26/2018;TP-BR-18-EMBRAPA-NextGen;EmbrapaBAG.Plate06;EmbrapaBAG.Plate06_A11;A11;11A;BGM-1213;EMBRAPA;;Leaf;
06/26/2018;TP-BR-18-EMBRAPA-NextGen;EmbrapaBAG.Plate06;EmbrapaBAG.Plate06_A12;A12;12A;BGM-1214;EMBRAPA;;Leaf;
06/26/2018;TP-BR-18-EMBRAPA-NextGen;EmbrapaBAG.Plate06;EmbrapaBAG.Plate06_B01;B01;01B;BGM-1223;EMBRAPA;;Leaf;
06/26/2018;TP-BR-18-EMBRAPA-NextGen;EmbrapaBAG.Plate06;EmbrapaBAG.Plate06_B02;B02;02B;BGM-1226;EMBRAPA;;Leaf;
06/26/2018;TP-BR-18-EMBRAPA-NextGen;EmbrapaBAG.Plate06;EmbrapaBAG.Plate06_B03;B03;03B;BGM-1227;EMBRAPA;;Leaf;
06/26/2018;TP-BR-18-EMBRAPA-NextGen;EmbrapaBAG.Plate06;EmbrapaBAG.Plate06_B04;B04;04B;BGM-1243;EMBRAPA;;Leaf;
06/26/2018;TP-BR-18-EMBRAPA-NextGen;EmbrapaBAG.Plate06;EmbrapaBAG.Plate06_B05;B05;05B;BGM-1248;EMBRAPA;;Leaf;
06/26/2018;TP-BR-18-EMBRAPA-NextGen;EmbrapaBAG.Plate06;EmbrapaBAG.Plate06_B06;B06;06B;BGM-1249;EMBRAPA;;Leaf;
06/26/2018;TP-BR-18-EMBRAPA-NextGen;EmbrapaBAG.Plate06;EmbrapaBAG.Plate06_B07;B07;07B;BGM-1251;EMBRAPA;;Leaf;
06/26/2018;TP-BR-18-EMBRAPA-NextGen;EmbrapaBAG.Plate06;EmbrapaBAG.Plate06_B08;B08;08B;BGM-1252;EMBRAPA;;Leaf;
06/26/2018;TP-BR-18-EMBRAPA-NextGen;EmbrapaBAG.Plate06;EmbrapaBAG.Plate06_B09;B09;09B;BGM-1254;EMBRAPA;;Leaf;
06/26/2018;TP-BR-18-EMBRAPA-NextGen;EmbrapaBAG.Plate06;EmbrapaBAG.Plate06_B10;B10;10B;BGM-1259;EMBRAPA;;Leaf;
06/26/2018;TP-BR-18-EMBRAPA-NextGen;EmbrapaBAG.Plate06;EmbrapaBAG.Plate06_B11;B11;11B;BGM-1262;EMBRAPA;;Leaf;
06/26/2018;TP-BR-18-EMBRAPA-NextGen;EmbrapaBAG.Plate06;EmbrapaBAG.Plate06_B12;B12;12B;BGM-1263;EMBRAPA;;Leaf;
06/26/2018;TP-BR-18-EMBRAPA-NextGen;EmbrapaBAG.Plate06;EmbrapaBAG.Plate06_C01;C01;01C;BGM-1265;EMBRAPA;;Leaf;
06/26/2018;TP-BR-18-EMBRAPA-NextGen;EmbrapaBAG.Plate06;EmbrapaBAG.Plate06_C02;C02;02C;BGM-1267;EMBRAPA;;Leaf;
06/26/2018;TP-BR-18-EMBRAPA-NextGen;EmbrapaBAG.Plate06;EmbrapaBAG.Plate06_C03;C03;03C;BGM-1269;EMBRAPA;;Leaf;
06/26/2018;TP-BR-18-EMBRAPA-NextGen;EmbrapaBAG.Plate06;EmbrapaBAG.Plate06_C04;C04;04C;BGM-1275;EMBRAPA;;Leaf;
06/26/2018;TP-BR-18-EMBRAPA-NextGen;EmbrapaBAG.Plate06;EmbrapaBAG.Plate06_C05;C05;05C;BGM-1748;EMBRAPA;;Leaf;
06/26/2018;TP-BR-18-EMBRAPA-NextGen;EmbrapaBAG.Plate06;EmbrapaBAG.Plate06_C06;C06;06C;BGM-1280;EMBRAPA;;Leaf;
06/26/2018;TP-BR-18-EMBRAPA-NextGen;EmbrapaBAG.Plate06;EmbrapaBAG.Plate06_C07;C07;07C;BGM-1281;EMBRAPA;;Leaf;
06/26/2018;TP-BR-18-EMBRAPA-NextGen;EmbrapaBAG.Plate06;EmbrapaBAG.Plate06_C08;C08;08C;BGM-1282;EMBRAPA;;Leaf;
06/26/2018;TP-BR-18-EMBRAPA-NextGen;EmbrapaBAG.Plate06;EmbrapaBAG.Plate06_C09;C09;09C;BGM-1283;EMBRAPA;;Leaf;
06/26/2018;TP-BR-18-EMBRAPA-NextGen;EmbrapaBAG.Plate06;EmbrapaBAG.Plate06_C10;C10;10C;BGM-1284;EMBRAPA;;Leaf;
06/26/2018;TP-BR-18-EMBRAPA-NextGen;EmbrapaBAG.Plate06;EmbrapaBAG.Plate06_C11;C11;11C;BGM-1285;EMBRAPA;;Leaf;
06/26/2018;TP-BR-18-EMBRAPA-NextGen;EmbrapaBAG.Plate06;EmbrapaBAG.Plate06_C12;C12;12C;BGM-1286;EMBRAPA;;Leaf;
06/26/2018;TP-BR-18-EMBRAPA-NextGen;EmbrapaBAG.Plate06;EmbrapaBAG.Plate06_D01;D01;01D;BGM-1288;EMBRAPA;;Leaf;
06/26/2018;TP-BR-18-EMBRAPA-NextGen;EmbrapaBAG.Plate06;EmbrapaBAG.Plate06_D02;D02;02D;BGM-1291;EMBRAPA;;Leaf;
06/26/2018;TP-BR-18-EMBRAPA-NextGen;EmbrapaBAG.Plate06;EmbrapaBAG.Plate06_D03;D03;03D;BGM-1294;EMBRAPA;;Leaf;
06/26/2018;TP-BR-18-EMBRAPA-NextGen;EmbrapaBAG.Plate06;EmbrapaBAG.Plate06_D04;D04;04D;BGM-1300;EMBRAPA;;Leaf;
06/26/2018;TP-BR-18-EMBRAPA-NextGen;EmbrapaBAG.Plate06;EmbrapaBAG.Plate06_D05;D05;05D;BGM-1305;EMBRAPA;;Leaf;
06/26/2018;TP-BR-18-EMBRAPA-NextGen;EmbrapaBAG.Plate06;EmbrapaBAG.Plate06_D06;D06;06D;BGM-1306;EMBRAPA;;Leaf;
06/26/2018;TP-BR-18-EMBRAPA-NextGen;EmbrapaBAG.Plate06;EmbrapaBAG.Plate06_D07;D07;07D;BGM-1310;EMBRAPA;;Leaf;
06/26/2018;TP-BR-18-EMBRAPA-NextGen;EmbrapaBAG.Plate06;EmbrapaBAG.Plate06_D08;D08;08D;BGM-1313;EMBRAPA;;Leaf;
06/26/2018;TP-BR-18-EMBRAPA-NextGen;EmbrapaBAG.Plate06;EmbrapaBAG.Plate06_D09;D09;09D;BGM-1318;EMBRAPA;;Leaf;
06/26/2018;TP-BR-18-EMBRAPA-NextGen;EmbrapaBAG.Plate06;EmbrapaBAG.Plate06_D10;D10;10D;BGM-1323;EMBRAPA;;Leaf;
06/26/2018;TP-BR-18-EMBRAPA-NextGen;EmbrapaBAG.Plate06;EmbrapaBAG.Plate06_D11;D11;11D;BGM-1324;EMBRAPA;;Leaf;
06/26/2018;TP-BR-18-EMBRAPA-NextGen;EmbrapaBAG.Plate06;EmbrapaBAG.Plate06_D12;D12;12D;BGM-1328;EMBRAPA;;Leaf;
06/26/2018;TP-BR-18-EMBRAPA-NextGen;EmbrapaBAG.Plate06;EmbrapaBAG.Plate06_E01;E01;01E;BGM-1332;EMBRAPA;;Leaf;
06/26/2018;TP-BR-18-EMBRAPA-NextGen;EmbrapaBAG.Plate06;EmbrapaBAG.Plate06_E02;E02;02E;BGM-1333;EMBRAPA;;Leaf;
06/26/2018;TP-BR-18-EMBRAPA-NextGen;EmbrapaBAG.Plate06;EmbrapaBAG.Plate06_E03;E03;03E;BGM-1335;EMBRAPA;;Leaf;
06/26/2018;TP-BR-18-EMBRAPA-NextGen;EmbrapaBAG.Plate06;EmbrapaBAG.Plate06_E04;E04;04E;BGM-1338;EMBRAPA;;Leaf;
06/26/2018;TP-BR-18-EMBRAPA-NextGen;EmbrapaBAG.Plate06;EmbrapaBAG.Plate06_E05;E05;05E;BGM-1345;EMBRAPA;;Leaf;
06/26/2018;TP-BR-18-EMBRAPA-NextGen;EmbrapaBAG.Plate06;EmbrapaBAG.Plate06_E06;E06;06E;BGM-1347;EMBRAPA;;Leaf;
06/26/2018;TP-BR-18-EMBRAPA-NextGen;EmbrapaBAG.Plate06;EmbrapaBAG.Plate06_E07;E07;07E;BGM-1348;EMBRAPA;;Leaf;
06/26/2018;TP-BR-18-EMBRAPA-NextGen;EmbrapaBAG.Plate06;EmbrapaBAG.Plate06_E08;E08;08E;BGM-1349;EMBRAPA;;Leaf;
06/26/2018;TP-BR-18-EMBRAPA-NextGen;EmbrapaBAG.Plate06;EmbrapaBAG.Plate06_E09;E09;09E;BGM-1354;EMBRAPA;;Leaf;
06/26/2018;TP-BR-18-EMBRAPA-NextGen;EmbrapaBAG.Plate06;EmbrapaBAG.Plate06_E10;E10;10E;BGM-1356;EMBRAPA;;Leaf;
06/26/2018;TP-BR-18-EMBRAPA-NextGen;EmbrapaBAG.Plate06;EmbrapaBAG.Plate06_E11;E11;11E;BGM-1358;EMBRAPA;;Leaf;
06/26/2018;TP-BR-18-EMBRAPA-NextGen;EmbrapaBAG.Plate06;EmbrapaBAG.Plate06_E12;E12;12E;BGM-1362;EMBRAPA;;Leaf;
06/26/2018;TP-BR-18-EMBRAPA-NextGen;EmbrapaBAG.Plate06;EmbrapaBAG.Plate06_F01;F01;01F;BGM-1363;EMBRAPA;;Leaf;
06/26/2018;TP-BR-18-EMBRAPA-NextGen;EmbrapaBAG.Plate06;EmbrapaBAG.Plate06_F02;F02;02F;BGM-1364;EMBRAPA;;Leaf;
06/26/2018;TP-BR-18-EMBRAPA-NextGen;EmbrapaBAG.Plate06;EmbrapaBAG.Plate06_F03;F03;03F;BGM-1366;EMBRAPA;;Leaf;
06/26/2018;TP-BR-18-EMBRAPA-NextGen;EmbrapaBAG.Plate06;EmbrapaBAG.Plate06_F04;F04;04F;BGM-1367;EMBRAPA;;Leaf;
06/26/2018;TP-BR-18-EMBRAPA-NextGen;EmbrapaBAG.Plate06;EmbrapaBAG.Plate06_F05;F05;05F;BGM-1369;EMBRAPA;;Leaf;
06/26/2018;TP-BR-18-EMBRAPA-NextGen;EmbrapaBAG.Plate06;EmbrapaBAG.Plate06_F06;F06;06F;BGM-1370;EMBRAPA;;Leaf;
06/26/2018;TP-BR-18-EMBRAPA-NextGen;EmbrapaBAG.Plate06;EmbrapaBAG.Plate06_F07;F07;07F;BGM-1386;EMBRAPA;;Leaf;
06/26/2018;TP-BR-18-EMBRAPA-NextGen;EmbrapaBAG.Plate06;EmbrapaBAG.Plate06_F08;F08;08F;BGM-1388;EMBRAPA;;Leaf;
06/26/2018;TP-BR-18-EMBRAPA-NextGen;EmbrapaBAG.Plate06;EmbrapaBAG.Plate06_F09;F09;09F;BGM-1389;EMBRAPA;;Leaf;
06/26/2018;TP-BR-18-EMBRAPA-NextGen;EmbrapaBAG.Plate06;EmbrapaBAG.Plate06_F10;F10;10F;BGM-1393;EMBRAPA;;Leaf;
06/26/2018;TP-BR-18-EMBRAPA-NextGen;EmbrapaBAG.Plate06;EmbrapaBAG.Plate06_F11;F11;11F;BGM-1397;EMBRAPA;;Leaf;
06/26/2018;TP-BR-18-EMBRAPA-NextGen;EmbrapaBAG.Plate06;EmbrapaBAG.Plate06_F12;F12;12F;BGM-1398;EMBRAPA;;Leaf;
06/26/2018;TP-BR-18-EMBRAPA-NextGen;EmbrapaBAG.Plate06;EmbrapaBAG.Plate06_G01;G01;01G;BGM-1400;EMBRAPA;;Leaf;
06/26/2018;TP-BR-18-EMBRAPA-NextGen;EmbrapaBAG.Plate06;EmbrapaBAG.Plate06_G02;G02;02G;BGM-1402;EMBRAPA;;Leaf;
06/26/2018;TP-BR-18-EMBRAPA-NextGen;EmbrapaBAG.Plate06;EmbrapaBAG.Plate06_G03;G03;03G;BGM-1403;EMBRAPA;;Leaf;
06/26/2018;TP-BR-18-EMBRAPA-NextGen;EmbrapaBAG.Plate06;EmbrapaBAG.Plate06_G04;G04;04G;BGM-1407;EMBRAPA;;Leaf;
06/26/2018;TP-BR-18-EMBRAPA-NextGen;EmbrapaBAG.Plate06;EmbrapaBAG.Plate06_G05;G05;05G;BGM-1408;EMBRAPA;;Leaf;
06/26/2018;TP-BR-18-EMBRAPA-NextGen;EmbrapaBAG.Plate06;EmbrapaBAG.Plate06_G06;G06;06G;BGM-1409;EMBRAPA;;Leaf;
06/26/2018;TP-BR-18-EMBRAPA-NextGen;EmbrapaBAG.Plate06;EmbrapaBAG.Plate06_G07;G07;07G;BGM-1410;EMBRAPA;;Leaf;
06/26/2018;TP-BR-18-EMBRAPA-NextGen;EmbrapaBAG.Plate06;EmbrapaBAG.Plate06_G08;G08;08G;BGM-1412;EMBRAPA;;Leaf;
06/26/2018;TP-BR-18-EMBRAPA-NextGen;EmbrapaBAG.Plate06;EmbrapaBAG.Plate06_G09;G09;09G;BGM-1413;EMBRAPA;;Leaf;
06/26/2018;TP-BR-18-EMBRAPA-NextGen;EmbrapaBAG.Plate06;EmbrapaBAG.Plate06_G10;G10;10G;BGM-1414;EMBRAPA;;Leaf;
06/26/2018;TP-BR-18-EMBRAPA-NextGen;EmbrapaBAG.Plate06;EmbrapaBAG.Plate06_G11;G11;11G;BGM-1415;EMBRAPA;;Leaf;
06/26/2018;TP-BR-18-EMBRAPA-NextGen;EmbrapaBAG.Plate06;EmbrapaBAG.Plate06_G12;G12;12G;BLANK__G12;EMBRAPA;;Leaf;
06/26/2018;TP-BR-18-EMBRAPA-NextGen;EmbrapaBAG.Plate06;EmbrapaBAG.Plate06_H01;H01;01H;BGM-1416;EMBRAPA;;Leaf;
06/26/2018;TP-BR-18-EMBRAPA-NextGen;EmbrapaBAG.Plate06;EmbrapaBAG.Plate06_H02;H02;02H;BGM-1417;EMBRAPA;;Leaf;
06/26/2018;TP-BR-18-EMBRAPA-NextGen;EmbrapaBAG.Plate06;EmbrapaBAG.Plate06_H03;H03;03H;BGM-1419;EMBRAPA;;Leaf;
06/26/2018;TP-BR-18-EMBRAPA-NextGen;EmbrapaBAG.Plate06;EmbrapaBAG.Plate06_H04;H04;04H;BGM-1420;EMBRAPA;;Leaf;
06/26/2018;TP-BR-18-EMBRAPA-NextGen;EmbrapaBAG.Plate06;EmbrapaBAG.Plate06_H05;H05;05H;BGM-1422;EMBRAPA;;Leaf;
06/26/2018;TP-BR-18-EMBRAPA-NextGen;EmbrapaBAG.Plate06;EmbrapaBAG.Plate06_H06;H06;06H;BGM-1423;EMBRAPA;;Leaf;
06/26/2018;TP-BR-18-EMBRAPA-NextGen;EmbrapaBAG.Plate06;EmbrapaBAG.Plate06_H07;H07;07H;BGM-1429;EMBRAPA;;Leaf;
06/26/2018;TP-BR-18-EMBRAPA-NextGen;EmbrapaBAG.Plate06;EmbrapaBAG.Plate06_H08;H08;08H;BGM-1432;EMBRAPA;;Leaf;
06/26/2018;TP-BR-18-EMBRAPA-NextGen;EmbrapaBAG.Plate06;EmbrapaBAG.Plate06_H09;H09;09H;BGM-1436;EMBRAPA;;Leaf;
06/26/2018;TP-BR-18-EMBRAPA-NextGen;EmbrapaBAG.Plate06;EmbrapaBAG.Plate06_H10;H10;10H;BGM-1437;EMBRAPA;;Leaf;
06/26/2018;TP-BR-18-EMBRAPA-NextGen;EmbrapaBAG.Plate06;EmbrapaBAG.Plate06_H11;H11;11H;BGM-1442;EMBRAPA;;Leaf;
06/26/2018;TP-BR-18-EMBRAPA-NextGen;EmbrapaBAG.Plate06;EmbrapaBAG.Plate06_H12;H12;12H;BLANK__H12;EMBRAPA;;Leaf;
06/26/2018;TP-BR-18-EMBRAPA-NextGen;EmbrapaBAG.Plate07;EmbrapaBAG.Plate07_A01;A01;01A;BGM-1444;EMBRAPA;;Leaf;
06/26/2018;TP-BR-18-EMBRAPA-NextGen;EmbrapaBAG.Plate07;EmbrapaBAG.Plate07_A02;A02;02A;BGM-1446;EMBRAPA;;Leaf;
06/26/2018;TP-BR-18-EMBRAPA-NextGen;EmbrapaBAG.Plate07;EmbrapaBAG.Plate07_A03;A03;03A;BGM-1447;EMBRAPA;;Leaf;
06/26/2018;TP-BR-18-EMBRAPA-NextGen;EmbrapaBAG.Plate07;EmbrapaBAG.Plate07_A04;A04;04A;BGM-1451;EMBRAPA;;Leaf;
06/26/2018;TP-BR-18-EMBRAPA-NextGen;EmbrapaBAG.Plate07;EmbrapaBAG.Plate07_A05;A05;05A;BGM-1453;EMBRAPA;;Leaf;
06/26/2018;TP-BR-18-EMBRAPA-NextGen;EmbrapaBAG.Plate07;EmbrapaBAG.Plate07_A06;A06;06A;BGM-1454;EMBRAPA;;Leaf;
06/26/2018;TP-BR-18-EMBRAPA-NextGen;EmbrapaBAG.Plate07;EmbrapaBAG.Plate07_A07;A07;07A;BGM-1456;EMBRAPA;;Leaf;
06/26/2018;TP-BR-18-EMBRAPA-NextGen;EmbrapaBAG.Plate07;EmbrapaBAG.Plate07_A08;A08;08A;BGM-1457;EMBRAPA;;Leaf;
06/26/2018;TP-BR-18-EMBRAPA-NextGen;EmbrapaBAG.Plate07;EmbrapaBAG.Plate07_A09;A09;09A;BGM-1458;EMBRAPA;;Leaf;
06/26/2018;TP-BR-18-EMBRAPA-NextGen;EmbrapaBAG.Plate07;EmbrapaBAG.Plate07_A10;A10;10A;BGM-1464;EMBRAPA;;Leaf;
06/26/2018;TP-BR-18-EMBRAPA-NextGen;EmbrapaBAG.Plate07;EmbrapaBAG.Plate07_A11;A11;11A;BGM-1465;EMBRAPA;;Leaf;
06/26/2018;TP-BR-18-EMBRAPA-NextGen;EmbrapaBAG.Plate07;EmbrapaBAG.Plate07_A12;A12;12A;BGM-1466;EMBRAPA;;Leaf;
06/26/2018;TP-BR-18-EMBRAPA-NextGen;EmbrapaBAG.Plate07;EmbrapaBAG.Plate07_B01;B01;01B;BGM-1472;EMBRAPA;;Leaf;
06/26/2018;TP-BR-18-EMBRAPA-NextGen;EmbrapaBAG.Plate07;EmbrapaBAG.Plate07_B02;B02;02B;BGM-1474;EMBRAPA;;Leaf;
06/26/2018;TP-BR-18-EMBRAPA-NextGen;EmbrapaBAG.Plate07;EmbrapaBAG.Plate07_B03;B03;03B;BGM-1479;EMBRAPA;;Leaf;
06/26/2018;TP-BR-18-EMBRAPA-NextGen;EmbrapaBAG.Plate07;EmbrapaBAG.Plate07_B04;B04;04B;BGM-1480;EMBRAPA;;Leaf;
06/26/2018;TP-BR-18-EMBRAPA-NextGen;EmbrapaBAG.Plate07;EmbrapaBAG.Plate07_B05;B05;05B;BGM-1481;EMBRAPA;;Leaf;
06/26/2018;TP-BR-18-EMBRAPA-NextGen;EmbrapaBAG.Plate07;EmbrapaBAG.Plate07_B06;B06;06B;BGM-1484;EMBRAPA;;Leaf;
06/26/2018;TP-BR-18-EMBRAPA-NextGen;EmbrapaBAG.Plate07;EmbrapaBAG.Plate07_B07;B07;07B;BGM-1488;EMBRAPA;;Leaf;
06/26/2018;TP-BR-18-EMBRAPA-NextGen;EmbrapaBAG.Plate07;EmbrapaBAG.Plate07_B08;B08;08B;BGM-1489;EMBRAPA;;Leaf;
06/26/2018;TP-BR-18-EMBRAPA-NextGen;EmbrapaBAG.Plate07;EmbrapaBAG.Plate07_B09;B09;09B;BGM-1497;EMBRAPA;;Leaf;
06/26/2018;TP-BR-18-EMBRAPA-NextGen;EmbrapaBAG.Plate07;EmbrapaBAG.Plate07_B10;B10;10B;BGM-1498;EMBRAPA;;Leaf;
06/26/2018;TP-BR-18-EMBRAPA-NextGen;EmbrapaBAG.Plate07;EmbrapaBAG.Plate07_B11;B11;11B;BGM-1499;EMBRAPA;;Leaf;
06/26/2018;TP-BR-18-EMBRAPA-NextGen;EmbrapaBAG.Plate07;EmbrapaBAG.Plate07_B12;B12;12B;BGM-1502;EMBRAPA;;Leaf;
06/26/2018;TP-BR-18-EMBRAPA-NextGen;EmbrapaBAG.Plate07;EmbrapaBAG.Plate07_C01;C01;01C;BGM-1503;EMBRAPA;;Leaf;
06/26/2018;TP-BR-18-EMBRAPA-NextGen;EmbrapaBAG.Plate07;EmbrapaBAG.Plate07_C02;C02;02C;BGM-1507;EMBRAPA;;Leaf;
06/26/2018;TP-BR-18-EMBRAPA-NextGen;EmbrapaBAG.Plate07;EmbrapaBAG.Plate07_C03;C03;03C;BGM-1508;EMBRAPA;;Leaf;
06/26/2018;TP-BR-18-EMBRAPA-NextGen;EmbrapaBAG.Plate07;EmbrapaBAG.Plate07_C04;C04;04C;BGM-1511;EMBRAPA;;Leaf;
06/26/2018;TP-BR-18-EMBRAPA-NextGen;EmbrapaBAG.Plate07;EmbrapaBAG.Plate07_C05;C05;05C;BGM-1518;EMBRAPA;;Leaf;
06/26/2018;TP-BR-18-EMBRAPA-NextGen;EmbrapaBAG.Plate07;EmbrapaBAG.Plate07_C06;C06;06C;BGM-1519;EMBRAPA;;Leaf;
06/26/2018;TP-BR-18-EMBRAPA-NextGen;EmbrapaBAG.Plate07;EmbrapaBAG.Plate07_C07;C07;07C;BGM-1520;EMBRAPA;;Leaf;
06/26/2018;TP-BR-18-EMBRAPA-NextGen;EmbrapaBAG.Plate07;EmbrapaBAG.Plate07_C08;C08;08C;BGM-1521;EMBRAPA;;Leaf;
06/26/2018;TP-BR-18-EMBRAPA-NextGen;EmbrapaBAG.Plate07;EmbrapaBAG.Plate07_C09;C09;09C;BGM-1525;EMBRAPA;;Leaf;
06/26/2018;TP-BR-18-EMBRAPA-NextGen;EmbrapaBAG.Plate07;EmbrapaBAG.Plate07_C10;C10;10C;BGM-1527;EMBRAPA;;Leaf;
06/26/2018;TP-BR-18-EMBRAPA-NextGen;EmbrapaBAG.Plate07;EmbrapaBAG.Plate07_C11;C11;11C;BGM-1535;EMBRAPA;;Leaf;
06/26/2018;TP-BR-18-EMBRAPA-NextGen;EmbrapaBAG.Plate07;EmbrapaBAG.Plate07_C12;C12;12C;BGM-1537;EMBRAPA;;Leaf;
06/26/2018;TP-BR-18-EMBRAPA-NextGen;EmbrapaBAG.Plate07;EmbrapaBAG.Plate07_D01;D01;01D;BGM-1549;EMBRAPA;;Leaf;
06/26/2018;TP-BR-18-EMBRAPA-NextGen;EmbrapaBAG.Plate07;EmbrapaBAG.Plate07_D02;D02;02D;BGM-1552;EMBRAPA;;Leaf;
06/26/2018;TP-BR-18-EMBRAPA-NextGen;EmbrapaBAG.Plate07;EmbrapaBAG.Plate07_D03;D03;03D;BGM-1560;EMBRAPA;;Leaf;
06/26/2018;TP-BR-18-EMBRAPA-NextGen;EmbrapaBAG.Plate07;EmbrapaBAG.Plate07_D04;D04;04D;BGM-1567;EMBRAPA;;Leaf;
06/26/2018;TP-BR-18-EMBRAPA-NextGen;EmbrapaBAG.Plate07;EmbrapaBAG.Plate07_D05;D05;05D;BGM-1569;EMBRAPA;;Leaf;
06/26/2018;TP-BR-18-EMBRAPA-NextGen;EmbrapaBAG.Plate07;EmbrapaBAG.Plate07_D06;D06;06D;BGM-1579;EMBRAPA;;Leaf;
06/26/2018;TP-BR-18-EMBRAPA-NextGen;EmbrapaBAG.Plate07;EmbrapaBAG.Plate07_D07;D07;07D;BGM-1584;EMBRAPA;;Leaf;
06/26/2018;TP-BR-18-EMBRAPA-NextGen;EmbrapaBAG.Plate07;EmbrapaBAG.Plate07_D08;D08;08D;BGM-1585;EMBRAPA;;Leaf;
06/26/2018;TP-BR-18-EMBRAPA-NextGen;EmbrapaBAG.Plate07;EmbrapaBAG.Plate07_D09;D09;09D;BGM-1586;EMBRAPA;;Leaf;
06/26/2018;TP-BR-18-EMBRAPA-NextGen;EmbrapaBAG.Plate07;EmbrapaBAG.Plate07_D10;D10;10D;BGM-1594;EMBRAPA;;Leaf;
06/26/2018;TP-BR-18-EMBRAPA-NextGen;EmbrapaBAG.Plate07;EmbrapaBAG.Plate07_D11;D11;11D;BGM-1596;EMBRAPA;;Leaf;
06/26/2018;TP-BR-18-EMBRAPA-NextGen;EmbrapaBAG.Plate07;EmbrapaBAG.Plate07_D12;D12;12D;BGM-1598;EMBRAPA;;Leaf;
06/26/2018;TP-BR-18-EMBRAPA-NextGen;EmbrapaBAG.Plate07;EmbrapaBAG.Plate07_E01;E01;01E;BGM-1604;EMBRAPA;;Leaf;
06/26/2018;TP-BR-18-EMBRAPA-NextGen;EmbrapaBAG.Plate07;EmbrapaBAG.Plate07_E02;E02;02E;BGM-1605;EMBRAPA;;Leaf;
06/26/2018;TP-BR-18-EMBRAPA-NextGen;EmbrapaBAG.Plate07;EmbrapaBAG.Plate07_E03;E03;03E;BGM-1606;EMBRAPA;;Leaf;
06/26/2018;TP-BR-18-EMBRAPA-NextGen;EmbrapaBAG.Plate07;EmbrapaBAG.Plate07_E04;E04;04E;BGM-1608;EMBRAPA;;Leaf;
06/26/2018;TP-BR-18-EMBRAPA-NextGen;EmbrapaBAG.Plate07;EmbrapaBAG.Plate07_E05;E05;05E;BGM-1609;EMBRAPA;;Leaf;
06/26/2018;TP-BR-18-EMBRAPA-NextGen;EmbrapaBAG.Plate07;EmbrapaBAG.Plate07_E06;E06;06E;BGM-1610;EMBRAPA;;Leaf;
06/26/2018;TP-BR-18-EMBRAPA-NextGen;EmbrapaBAG.Plate07;EmbrapaBAG.Plate07_E07;E07;07E;BGM-1613;EMBRAPA;;Leaf;
06/26/2018;TP-BR-18-EMBRAPA-NextGen;EmbrapaBAG.Plate07;EmbrapaBAG.Plate07_E08;E08;08E;BGM-1619;EMBRAPA;;Leaf;
06/26/2018;TP-BR-18-EMBRAPA-NextGen;EmbrapaBAG.Plate07;EmbrapaBAG.Plate07_E09;E09;09E;BGM-1621;EMBRAPA;;Leaf;
06/26/2018;TP-BR-18-EMBRAPA-NextGen;EmbrapaBAG.Plate07;EmbrapaBAG.Plate07_E10;E10;10E;BGM-1622;EMBRAPA;;Leaf;
06/26/2018;TP-BR-18-EMBRAPA-NextGen;EmbrapaBAG.Plate07;EmbrapaBAG.Plate07_E11;E11;11E;BGM-1628;EMBRAPA;;Leaf;
06/26/2018;TP-BR-18-EMBRAPA-NextGen;EmbrapaBAG.Plate07;EmbrapaBAG.Plate07_E12;E12;12E;BGM-1629;EMBRAPA;;Leaf;
06/26/2018;TP-BR-18-EMBRAPA-NextGen;EmbrapaBAG.Plate07;EmbrapaBAG.Plate07_F01;F01;01F;BGM-1631;EMBRAPA;;Leaf;
06/26/2018;TP-BR-18-EMBRAPA-NextGen;EmbrapaBAG.Plate07;EmbrapaBAG.Plate07_F02;F02;02F;BGM-1637;EMBRAPA;;Leaf;
06/26/2018;TP-BR-18-EMBRAPA-NextGen;EmbrapaBAG.Plate07;EmbrapaBAG.Plate07_F03;F03;03F;BGM-1639;EMBRAPA;;Leaf;
06/26/2018;TP-BR-18-EMBRAPA-NextGen;EmbrapaBAG.Plate07;EmbrapaBAG.Plate07_F04;F04;04F;BGM-1643;EMBRAPA;;Leaf;
06/26/2018;TP-BR-18-EMBRAPA-NextGen;EmbrapaBAG.Plate07;EmbrapaBAG.Plate07_F05;F05;05F;BGM-1645;EMBRAPA;;Leaf;
06/26/2018;TP-BR-18-EMBRAPA-NextGen;EmbrapaBAG.Plate07;EmbrapaBAG.Plate07_F06;F06;06F;BGM-1646;EMBRAPA;;Leaf;
06/26/2018;TP-BR-18-EMBRAPA-NextGen;EmbrapaBAG.Plate07;EmbrapaBAG.Plate07_F07;F07;07F;BGM-1649;EMBRAPA;;Leaf;
06/26/2018;TP-BR-18-EMBRAPA-NextGen;EmbrapaBAG.Plate07;EmbrapaBAG.Plate07_F08;F08;08F;BGM-1656;EMBRAPA;;Leaf;
06/26/2018;TP-BR-18-EMBRAPA-NextGen;EmbrapaBAG.Plate07;EmbrapaBAG.Plate07_F09;F09;09F;BGM-1657;EMBRAPA;;Leaf;
06/26/2018;TP-BR-18-EMBRAPA-NextGen;EmbrapaBAG.Plate07;EmbrapaBAG.Plate07_F10;F10;10F;BGM-1658;EMBRAPA;;Leaf;
06/26/2018;TP-BR-18-EMBRAPA-NextGen;EmbrapaBAG.Plate07;EmbrapaBAG.Plate07_F11;F11;11F;BGM-1659;EMBRAPA;;Leaf;
06/26/2018;TP-BR-18-EMBRAPA-NextGen;EmbrapaBAG.Plate07;EmbrapaBAG.Plate07_F12;F12;12F;BGM-1660;EMBRAPA;;Leaf;
06/26/2018;TP-BR-18-EMBRAPA-NextGen;EmbrapaBAG.Plate07;EmbrapaBAG.Plate07_G01;G01;01G;BGM-1661;EMBRAPA;;Leaf;
06/26/2018;TP-BR-18-EMBRAPA-NextGen;EmbrapaBAG.Plate07;EmbrapaBAG.Plate07_G02;G02;02G;BGM-1666;EMBRAPA;;Leaf;
06/26/2018;TP-BR-18-EMBRAPA-NextGen;EmbrapaBAG.Plate07;EmbrapaBAG.Plate07_G03;G03;03G;BGM-1667;EMBRAPA;;Leaf;
06/26/2018;TP-BR-18-EMBRAPA-NextGen;EmbrapaBAG.Plate07;EmbrapaBAG.Plate07_G04;G04;04G;BGM-1668;EMBRAPA;;Leaf;
06/26/2018;TP-BR-18-EMBRAPA-NextGen;EmbrapaBAG.Plate07;EmbrapaBAG.Plate07_G05;G05;05G;BGM-1669;EMBRAPA;;Leaf;
06/26/2018;TP-BR-18-EMBRAPA-NextGen;EmbrapaBAG.Plate07;EmbrapaBAG.Plate07_G06;G06;06G;BGM-1670;EMBRAPA;;Leaf;
06/26/2018;TP-BR-18-EMBRAPA-NextGen;EmbrapaBAG.Plate07;EmbrapaBAG.Plate07_G07;G07;07G;BGM-1671;EMBRAPA;;Leaf;
06/26/2018;TP-BR-18-EMBRAPA-NextGen;EmbrapaBAG.Plate07;EmbrapaBAG.Plate07_G08;G08;08G;BGM-1672;EMBRAPA;;Leaf;
06/26/2018;TP-BR-18-EMBRAPA-NextGen;EmbrapaBAG.Plate07;EmbrapaBAG.Plate07_G09;G09;09G;BGM-1675;EMBRAPA;;Leaf;
06/26/2018;TP-BR-18-EMBRAPA-NextGen;EmbrapaBAG.Plate07;EmbrapaBAG.Plate07_G10;G10;10G;BGM-1677;EMBRAPA;;Leaf;
06/26/2018;TP-BR-18-EMBRAPA-NextGen;EmbrapaBAG.Plate07;EmbrapaBAG.Plate07_G11;G11;11G;BGM-1679;EMBRAPA;;Leaf;
06/26/2018;TP-BR-18-EMBRAPA-NextGen;EmbrapaBAG.Plate07;EmbrapaBAG.Plate07_G12;G12;12G;BLANK__G12;EMBRAPA;;Leaf;
06/26/2018;TP-BR-18-EMBRAPA-NextGen;EmbrapaBAG.Plate07;EmbrapaBAG.Plate07_H01;H01;01H;BGM-1680;EMBRAPA;;Leaf;
06/26/2018;TP-BR-18-EMBRAPA-NextGen;EmbrapaBAG.Plate07;EmbrapaBAG.Plate07_H02;H02;02H;BGM-1683;EMBRAPA;;Leaf;
06/26/2018;TP-BR-18-EMBRAPA-NextGen;EmbrapaBAG.Plate07;EmbrapaBAG.Plate07_H03;H03;03H;BGM-1684;EMBRAPA;;Leaf;
06/26/2018;TP-BR-18-EMBRAPA-NextGen;EmbrapaBAG.Plate07;EmbrapaBAG.Plate07_H04;H04;04H;BGM-1685;EMBRAPA;;Leaf;
06/26/2018;TP-BR-18-EMBRAPA-NextGen;EmbrapaBAG.Plate07;EmbrapaBAG.Plate07_H05;H05;05H;BGM-1686;EMBRAPA;;Leaf;
06/26/2018;TP-BR-18-EMBRAPA-NextGen;EmbrapaBAG.Plate07;EmbrapaBAG.Plate07_H06;H06;06H;BGM-1688;EMBRAPA;;Leaf;
06/26/2018;TP-BR-18-EMBRAPA-NextGen;EmbrapaBAG.Plate07;EmbrapaBAG.Plate07_H07;H07;07H;BGM-1689;EMBRAPA;;Leaf;
06/26/2018;TP-BR-18-EMBRAPA-NextGen;EmbrapaBAG.Plate07;EmbrapaBAG.Plate07_H08;H08;08H;BGM-1690;EMBRAPA;;Leaf;
06/26/2018;TP-BR-18-EMBRAPA-NextGen;EmbrapaBAG.Plate07;EmbrapaBAG.Plate07_H09;H09;09H;BGM-1692;EMBRAPA;;Leaf;
06/26/2018;TP-BR-18-EMBRAPA-NextGen;EmbrapaBAG.Plate07;EmbrapaBAG.Plate07_H10;H10;10H;BGM-1696;EMBRAPA;;Leaf;
06/26/2018;TP-BR-18-EMBRAPA-NextGen;EmbrapaBAG.Plate07;EmbrapaBAG.Plate07_H11;H11;11H;BGM-1697;EMBRAPA;;Leaf;
06/26/2018;TP-BR-18-EMBRAPA-NextGen;EmbrapaBAG.Plate07;EmbrapaBAG.Plate07_H12;H12;12H;BLANK__H12;EMBRAPA;;Leaf;
06/26/2018;TP-BR-18-EMBRAPA-NextGen;EmbrapaBAG.Plate08;EmbrapaBAG.Plate08_A01;A01;01A;BGM-1698;EMBRAPA;;Leaf;
06/26/2018;TP-BR-18-EMBRAPA-NextGen;EmbrapaBAG.Plate08;EmbrapaBAG.Plate08_A02;A02;02A;BGM-1700;EMBRAPA;;Leaf;
06/26/2018;TP-BR-18-EMBRAPA-NextGen;EmbrapaBAG.Plate08;EmbrapaBAG.Plate08_A03;A03;03A;BGM-1701;EMBRAPA;;Leaf;
06/26/2018;TP-BR-18-EMBRAPA-NextGen;EmbrapaBAG.Plate08;EmbrapaBAG.Plate08_A04;A04;04A;BGM-1703;EMBRAPA;;Leaf;
06/26/2018;TP-BR-18-EMBRAPA-NextGen;EmbrapaBAG.Plate08;EmbrapaBAG.Plate08_A05;A05;05A;BGM-1704;EMBRAPA;;Leaf;
06/26/2018;TP-BR-18-EMBRAPA-NextGen;EmbrapaBAG.Plate08;EmbrapaBAG.Plate08_A06;A06;06A;BGM-1705;EMBRAPA;;Leaf;
06/26/2018;TP-BR-18-EMBRAPA-NextGen;EmbrapaBAG.Plate08;EmbrapaBAG.Plate08_A07;A07;07A;BGM-1706;EMBRAPA;;Leaf;
06/26/2018;TP-BR-18-EMBRAPA-NextGen;EmbrapaBAG.Plate08;EmbrapaBAG.Plate08_A08;A08;08A;BGM-1709;EMBRAPA;;Leaf;
06/26/2018;TP-BR-18-EMBRAPA-NextGen;EmbrapaBAG.Plate08;EmbrapaBAG.Plate08_A09;A09;09A;BGM-1710;EMBRAPA;;Leaf;
06/26/2018;TP-BR-18-EMBRAPA-NextGen;EmbrapaBAG.Plate08;EmbrapaBAG.Plate08_A10;A10;10A;BGM-1712;EMBRAPA;;Leaf;
06/26/2018;TP-BR-18-EMBRAPA-NextGen;EmbrapaBAG.Plate08;EmbrapaBAG.Plate08_A11;A11;11A;BGM-1715;EMBRAPA;;Leaf;
06/26/2018;TP-BR-18-EMBRAPA-NextGen;EmbrapaBAG.Plate08;EmbrapaBAG.Plate08_A12;A12;12A;BGM-1716;EMBRAPA;;Leaf;
06/26/2018;TP-BR-18-EMBRAPA-NextGen;EmbrapaBAG.Plate08;EmbrapaBAG.Plate08_B01;B01;01B;BGM-1718;EMBRAPA;;Leaf;
06/26/2018;TP-BR-18-EMBRAPA-NextGen;EmbrapaBAG.Plate08;EmbrapaBAG.Plate08_B02;B02;02B;BGM-1721;EMBRAPA;;Leaf;
06/26/2018;TP-BR-18-EMBRAPA-NextGen;EmbrapaBAG.Plate08;EmbrapaBAG.Plate08_B03;B03;03B;BGM-1722;EMBRAPA;;Leaf;
06/26/2018;TP-BR-18-EMBRAPA-NextGen;EmbrapaBAG.Plate08;EmbrapaBAG.Plate08_B04;B04;04B;BGM-1723;EMBRAPA;;Leaf;
06/26/2018;TP-BR-18-EMBRAPA-NextGen;EmbrapaBAG.Plate08;EmbrapaBAG.Plate08_B05;B05;05B;BGM-1725;EMBRAPA;;Leaf;
06/26/2018;TP-BR-18-EMBRAPA-NextGen;EmbrapaBAG.Plate08;EmbrapaBAG.Plate08_B06;B06;06B;BGM-1726;EMBRAPA;;Leaf;
06/26/2018;TP-BR-18-EMBRAPA-NextGen;EmbrapaBAG.Plate08;EmbrapaBAG.Plate08_B07;B07;07B;BGM-1727;EMBRAPA;;Leaf;
06/26/2018;TP-BR-18-EMBRAPA-NextGen;EmbrapaBAG.Plate08;EmbrapaBAG.Plate08_B08;B08;08B;BGM-1729;EMBRAPA;;Leaf;
06/26/2018;TP-BR-18-EMBRAPA-NextGen;EmbrapaBAG.Plate08;EmbrapaBAG.Plate08_B09;B09;09B;BGM-1732;EMBRAPA;;Leaf;
06/26/2018;TP-BR-18-EMBRAPA-NextGen;EmbrapaBAG.Plate08;EmbrapaBAG.Plate08_B10;B10;10B;BGM-1733;EMBRAPA;;Leaf;
06/26/2018;TP-BR-18-EMBRAPA-NextGen;EmbrapaBAG.Plate08;EmbrapaBAG.Plate08_B11;B11;11B;BGM-1734;EMBRAPA;;Leaf;
06/26/2018;TP-BR-18-EMBRAPA-NextGen;EmbrapaBAG.Plate08;EmbrapaBAG.Plate08_B12;B12;12B;BGM-1737;EMBRAPA;;Leaf;
06/26/2018;TP-BR-18-EMBRAPA-NextGen;EmbrapaBAG.Plate08;EmbrapaBAG.Plate08_C01;C01;01C;BGM-1739;EMBRAPA;;Leaf;
06/26/2018;TP-BR-18-EMBRAPA-NextGen;EmbrapaBAG.Plate08;EmbrapaBAG.Plate08_C02;C02;02C;BGM-1741;EMBRAPA;;Leaf;
06/26/2018;TP-BR-18-EMBRAPA-NextGen;EmbrapaBAG.Plate08;EmbrapaBAG.Plate08_C03;C03;03C;BGM-1742;EMBRAPA;;Leaf;
06/26/2018;TP-BR-18-EMBRAPA-NextGen;EmbrapaBAG.Plate08;EmbrapaBAG.Plate08_C04;C04;04C;BGM-1743;EMBRAPA;;Leaf;
06/26/2018;TP-BR-18-EMBRAPA-NextGen;EmbrapaBAG.Plate08;EmbrapaBAG.Plate08_C05;C05;05C;BGM-1744;EMBRAPA;;Leaf;
06/26/2018;TP-BR-18-EMBRAPA-NextGen;EmbrapaBAG.Plate08;EmbrapaBAG.Plate08_C06;C06;06C;BGM-1745;EMBRAPA;;Leaf;
06/26/2018;TP-BR-18-EMBRAPA-NextGen;EmbrapaBAG.Plate08;EmbrapaBAG.Plate08_C07;C07;07C;BGM-1747;EMBRAPA;;Leaf;
06/26/2018;TP-BR-18-EMBRAPA-NextGen;EmbrapaBAG.Plate08;EmbrapaBAG.Plate08_C08;C08;08C;BGM-0337;EMBRAPA;;Leaf;
06/26/2018;TP-BR-18-EMBRAPA-NextGen;EmbrapaBAG.Plate08;EmbrapaBAG.Plate08_C09;C09;09C;BGM-0341;EMBRAPA;;Leaf;
06/26/2018;TP-BR-18-EMBRAPA-NextGen;EmbrapaBAG.Plate08;EmbrapaBAG.Plate08_C10;C10;10C;BGM-0382;EMBRAPA;;Leaf;
06/26/2018;TP-BR-18-EMBRAPA-NextGen;EmbrapaBAG.Plate08;EmbrapaBAG.Plate08_C11;C11;11C;BGM-0394;EMBRAPA;;Leaf;
06/26/2018;TP-BR-18-EMBRAPA-NextGen;EmbrapaBAG.Plate08;EmbrapaBAG.Plate08_C12;C12;12C;BGM-0406;EMBRAPA;;Leaf;
06/26/2018;TP-BR-18-EMBRAPA-NextGen;EmbrapaBAG.Plate08;EmbrapaBAG.Plate08_D01;D01;01D;BGM-0411;EMBRAPA;;Leaf;
06/26/2018;TP-BR-18-EMBRAPA-NextGen;EmbrapaBAG.Plate08;EmbrapaBAG.Plate08_D02;D02;02D;BGM-0437;EMBRAPA;;Leaf;
06/26/2018;TP-BR-18-EMBRAPA-NextGen;EmbrapaBAG.Plate08;EmbrapaBAG.Plate08_D03;D03;03D;BGM-0452;EMBRAPA;;Leaf;
06/26/2018;TP-BR-18-EMBRAPA-NextGen;EmbrapaBAG.Plate08;EmbrapaBAG.Plate08_D04;D04;04D;BGM-0456;EMBRAPA;;Leaf;
06/26/2018;TP-BR-18-EMBRAPA-NextGen;EmbrapaBAG.Plate08;EmbrapaBAG.Plate08_D05;D05;05D;BGM-0511;EMBRAPA;;Leaf;
06/26/2018;TP-BR-18-EMBRAPA-NextGen;EmbrapaBAG.Plate08;EmbrapaBAG.Plate08_D06;D06;06D;BGM-0532;EMBRAPA;;Leaf;
06/26/2018;TP-BR-18-EMBRAPA-NextGen;EmbrapaBAG.Plate08;EmbrapaBAG.Plate08_D07;D07;07D;BGM-0540;EMBRAPA;;Leaf;
06/26/2018;TP-BR-18-EMBRAPA-NextGen;EmbrapaBAG.Plate08;EmbrapaBAG.Plate08_D08;D08;08D;BGM-0567;EMBRAPA;;Leaf;
06/26/2018;TP-BR-18-EMBRAPA-NextGen;EmbrapaBAG.Plate08;EmbrapaBAG.Plate08_D09;D09;09D;BGM-0601;EMBRAPA;;Leaf;
06/26/2018;TP-BR-18-EMBRAPA-NextGen;EmbrapaBAG.Plate08;EmbrapaBAG.Plate08_D10;D10;10D;BGM-0626;EMBRAPA;;Leaf;
06/26/2018;TP-BR-18-EMBRAPA-NextGen;EmbrapaBAG.Plate08;EmbrapaBAG.Plate08_D11;D11;11D;BGM-0638;EMBRAPA;;Leaf;
06/26/2018;TP-BR-18-EMBRAPA-NextGen;EmbrapaBAG.Plate08;EmbrapaBAG.Plate08_D12;D12;12D;BGM-0666;EMBRAPA;;Leaf;
06/26/2018;TP-BR-18-EMBRAPA-NextGen;EmbrapaBAG.Plate08;EmbrapaBAG.Plate08_E01;E01;01E;BGM-0778;EMBRAPA;;Leaf;
06/26/2018;TP-BR-18-EMBRAPA-NextGen;EmbrapaBAG.Plate08;EmbrapaBAG.Plate08_E02;E02;02E;BGM-0854;EMBRAPA;;Leaf;
06/26/2018;TP-BR-18-EMBRAPA-NextGen;EmbrapaBAG.Plate08;EmbrapaBAG.Plate08_E03;E03;03E;BGM-0885;EMBRAPA;;Leaf;
06/26/2018;TP-BR-18-EMBRAPA-NextGen;EmbrapaBAG.Plate08;EmbrapaBAG.Plate08_E04;E04;04E;BGM-1015;EMBRAPA;;Leaf;
06/26/2018;TP-BR-18-EMBRAPA-NextGen;EmbrapaBAG.Plate08;EmbrapaBAG.Plate08_E05;E05;05E;BGM-1027;EMBRAPA;;Leaf;
06/26/2018;TP-BR-18-EMBRAPA-NextGen;EmbrapaBAG.Plate08;EmbrapaBAG.Plate08_E06;E06;06E;BGM-1037;EMBRAPA;;Leaf;
06/26/2018;TP-BR-18-EMBRAPA-NextGen;EmbrapaBAG.Plate08;EmbrapaBAG.Plate08_E07;E07;07E;BGM-1043;EMBRAPA;;Leaf;
06/26/2018;TP-BR-18-EMBRAPA-NextGen;EmbrapaBAG.Plate08;EmbrapaBAG.Plate08_E08;E08;08E;BGM-1053;EMBRAPA;;Leaf;
06/26/2018;TP-BR-18-EMBRAPA-NextGen;EmbrapaBAG.Plate08;EmbrapaBAG.Plate08_E09;E09;09E;BGM-1057;EMBRAPA;;Leaf;
06/26/2018;TP-BR-18-EMBRAPA-NextGen;EmbrapaBAG.Plate08;EmbrapaBAG.Plate08_E10;E10;10E;BGM-1116;EMBRAPA;;Leaf;
06/26/2018;TP-BR-18-EMBRAPA-NextGen;EmbrapaBAG.Plate08;EmbrapaBAG.Plate08_E11;E11;11E;BGM-1123;EMBRAPA;;Leaf;
06/26/2018;TP-BR-18-EMBRAPA-NextGen;EmbrapaBAG.Plate08;EmbrapaBAG.Plate08_E12;E12;12E;BGM-1125;EMBRAPA;;Leaf;
06/26/2018;TP-BR-18-EMBRAPA-NextGen;EmbrapaBAG.Plate08;EmbrapaBAG.Plate08_F01;F01;01F;BGM-1133;EMBRAPA;;Leaf;
06/26/2018;TP-BR-18-EMBRAPA-NextGen;EmbrapaBAG.Plate08;EmbrapaBAG.Plate08_F02;F02;02F;BGM-1136;EMBRAPA;;Leaf;
06/26/2018;TP-BR-18-EMBRAPA-NextGen;EmbrapaBAG.Plate08;EmbrapaBAG.Plate08_F03;F03;03F;BGM-1148;EMBRAPA;;Leaf;
06/26/2018;TP-BR-18-EMBRAPA-NextGen;EmbrapaBAG.Plate08;EmbrapaBAG.Plate08_F04;F04;04F;BGM-1165;EMBRAPA;;Leaf;
06/26/2018;TP-BR-18-EMBRAPA-NextGen;EmbrapaBAG.Plate08;EmbrapaBAG.Plate08_F05;F05;05F;BGM-1222;EMBRAPA;;Leaf;
06/26/2018;TP-BR-18-EMBRAPA-NextGen;EmbrapaBAG.Plate08;EmbrapaBAG.Plate08_F06;F06;06F;BGM-1236;EMBRAPA;;Leaf;
06/26/2018;TP-BR-18-EMBRAPA-NextGen;EmbrapaBAG.Plate08;EmbrapaBAG.Plate08_F07;F07;07F;BGM-1245;EMBRAPA;;Leaf;
06/26/2018;TP-BR-18-EMBRAPA-NextGen;EmbrapaBAG.Plate08;EmbrapaBAG.Plate08_F08;F08;08F;BGM-1255;EMBRAPA;;Leaf;
06/26/2018;TP-BR-18-EMBRAPA-NextGen;EmbrapaBAG.Plate08;EmbrapaBAG.Plate08_F09;F09;09F;BGM-1327;EMBRAPA;;Leaf;
06/26/2018;TP-BR-18-EMBRAPA-NextGen;EmbrapaBAG.Plate08;EmbrapaBAG.Plate08_F10;F10;10F;BGM-1342;EMBRAPA;;Leaf;
06/26/2018;TP-BR-18-EMBRAPA-NextGen;EmbrapaBAG.Plate08;EmbrapaBAG.Plate08_F11;F11;11F;BGM-1359;EMBRAPA;;Leaf;
06/26/2018;TP-BR-18-EMBRAPA-NextGen;EmbrapaBAG.Plate08;EmbrapaBAG.Plate08_F12;F12;12F;BGM-1371;EMBRAPA;;Leaf;
06/26/2018;TP-BR-18-EMBRAPA-NextGen;EmbrapaBAG.Plate08;EmbrapaBAG.Plate08_G01;G01;01G;BGM-1377;EMBRAPA;;Leaf;
06/26/2018;TP-BR-18-EMBRAPA-NextGen;EmbrapaBAG.Plate08;EmbrapaBAG.Plate08_G02;G02;02G;BGM-1395;EMBRAPA;;Leaf;
06/26/2018;TP-BR-18-EMBRAPA-NextGen;EmbrapaBAG.Plate08;EmbrapaBAG.Plate08_G03;G03;03G;BGM-1485;EMBRAPA;;Leaf;
06/26/2018;TP-BR-18-EMBRAPA-NextGen;EmbrapaBAG.Plate08;EmbrapaBAG.Plate08_G04;G04;04G;BGM-1515;EMBRAPA;;Leaf;
06/26/2018;TP-BR-18-EMBRAPA-NextGen;EmbrapaBAG.Plate08;EmbrapaBAG.Plate08_G05;G05;05G;BGM-1602;EMBRAPA;;Leaf;
06/26/2018;TP-BR-18-EMBRAPA-NextGen;EmbrapaBAG.Plate08;EmbrapaBAG.Plate08_G06;G06;06G;BGM-1615;EMBRAPA;;Leaf;
06/26/2018;TP-BR-18-EMBRAPA-NextGen;EmbrapaBAG.Plate08;EmbrapaBAG.Plate08_G07;G07;07G;BGM-1662;EMBRAPA;;Leaf;
06/26/2018;TP-BR-18-EMBRAPA-NextGen;EmbrapaBAG.Plate08;EmbrapaBAG.Plate08_G08;G08;08G;BGM-1674;EMBRAPA;;Leaf;
06/26/2018;TP-BR-18-EMBRAPA-NextGen;EmbrapaBAG.Plate08;EmbrapaBAG.Plate08_G09;G09;09G;BGM-1681;EMBRAPA;;Leaf;
06/26/2018;TP-BR-18-EMBRAPA-NextGen;EmbrapaBAG.Plate08;EmbrapaBAG.Plate08_G10;G10;10G;BGM-1682;EMBRAPA;;Leaf;
06/26/2018;TP-BR-18-EMBRAPA-NextGen;EmbrapaBAG.Plate08;EmbrapaBAG.Plate08_G11;G11;11G;BGM-1691;EMBRAPA;;Leaf;
06/26/2018;TP-BR-18-EMBRAPA-NextGen;EmbrapaBAG.Plate08;EmbrapaBAG.Plate08_G12;G12;12G;BLANK__G12;EMBRAPA;;Leaf;
06/26/2018;TP-BR-18-EMBRAPA-NextGen;EmbrapaBAG.Plate08;EmbrapaBAG.Plate08_H01;H01;01H;BGM-1702;EMBRAPA;;Leaf;
06/26/2018;TP-BR-18-EMBRAPA-NextGen;EmbrapaBAG.Plate08;EmbrapaBAG.Plate08_H02;H02;02H;BGM-1730;EMBRAPA;;Leaf;
06/26/2018;TP-BR-18-EMBRAPA-NextGen;EmbrapaBAG.Plate08;EmbrapaBAG.Plate08_H03;H03;03H;BGM-1749;EMBRAPA;;Leaf;
06/26/2018;TP-BR-18-EMBRAPA-NextGen;EmbrapaBAG.Plate08;EmbrapaBAG.Plate08_H04;H04;04H;BGM-1750;EMBRAPA;;Leaf;
06/26/2018;TP-BR-18-EMBRAPA-NextGen;EmbrapaBAG.Plate08;EmbrapaBAG.Plate08_H05;H05;05H;BGM-1752;EMBRAPA;;Leaf;
06/26/2018;TP-BR-18-EMBRAPA-NextGen;EmbrapaBAG.Plate08;EmbrapaBAG.Plate08_H06;H06;06H;BGM-1753;EMBRAPA;;Leaf;
06/26/2018;TP-BR-18-EMBRAPA-NextGen;EmbrapaBAG.Plate08;EmbrapaBAG.Plate08_H07;H07;07H;BGM-1754;EMBRAPA;;Leaf;
06/26/2018;TP-BR-18-EMBRAPA-NextGen;EmbrapaBAG.Plate08;EmbrapaBAG.Plate08_H08;H08;08H;BGM-1756;EMBRAPA;;Leaf;
06/26/2018;TP-BR-18-EMBRAPA-NextGen;EmbrapaBAG.Plate08;EmbrapaBAG.Plate08_H09;H09;09H;BGM-1757;EMBRAPA;;Leaf;
06/26/2018;TP-BR-18-EMBRAPA-NextGen;EmbrapaBAG.Plate08;EmbrapaBAG.Plate08_H10;H10;10H;BGM-1759;EMBRAPA;;Leaf;
06/26/2018;TP-BR-18-EMBRAPA-NextGen;EmbrapaBAG.Plate08;EmbrapaBAG.Plate08_H11;H11;11H;BGM-1761;EMBRAPA;;Leaf;
06/26/2018;TP-BR-18-EMBRAPA-NextGen;EmbrapaBAG.Plate08;EmbrapaBAG.Plate08_H12;H12;12H;BLANK__H12;EMBRAPA;;Leaf;
06/26/2018;TP-BR-18-EMBRAPA-NextGen;EmbrapaBAG.Plate09;EmbrapaBAG.Plate09_A01;A01;01A;BGM-1762;EMBRAPA;;Leaf;
06/26/2018;TP-BR-18-EMBRAPA-NextGen;EmbrapaBAG.Plate09;EmbrapaBAG.Plate09_A02;A02;02A;BGM-1763;EMBRAPA;;Leaf;
06/26/2018;TP-BR-18-EMBRAPA-NextGen;EmbrapaBAG.Plate09;EmbrapaBAG.Plate09_A03;A03;03A;BGM-1764;EMBRAPA;;Leaf;
06/26/2018;TP-BR-18-EMBRAPA-NextGen;EmbrapaBAG.Plate09;EmbrapaBAG.Plate09_A04;A04;04A;BGM-1766;EMBRAPA;;Leaf;
06/26/2018;TP-BR-18-EMBRAPA-NextGen;EmbrapaBAG.Plate09;EmbrapaBAG.Plate09_A05;A05;05A;BGM-1767;EMBRAPA;;Leaf;
06/26/2018;TP-BR-18-EMBRAPA-NextGen;EmbrapaBAG.Plate09;EmbrapaBAG.Plate09_A06;A06;06A;BGM-1768;EMBRAPA;;Leaf;
06/26/2018;TP-BR-18-EMBRAPA-NextGen;EmbrapaBAG.Plate09;EmbrapaBAG.Plate09_A07;A07;07A;BGM-1769;EMBRAPA;;Leaf;
06/26/2018;TP-BR-18-EMBRAPA-NextGen;EmbrapaBAG.Plate09;EmbrapaBAG.Plate09_A08;A08;08A;BGM-1770;EMBRAPA;;Leaf;
06/26/2018;TP-BR-18-EMBRAPA-NextGen;EmbrapaBAG.Plate09;EmbrapaBAG.Plate09_A09;A09;09A;BGM-1771;EMBRAPA;;Leaf;
06/26/2018;TP-BR-18-EMBRAPA-NextGen;EmbrapaBAG.Plate09;EmbrapaBAG.Plate09_A10;A10;10A;BGM-1772;EMBRAPA;;Leaf;
06/26/2018;TP-BR-18-EMBRAPA-NextGen;EmbrapaBAG.Plate09;EmbrapaBAG.Plate09_A11;A11;11A;BGM-1779;EMBRAPA;;Leaf;
06/26/2018;TP-BR-18-EMBRAPA-NextGen;EmbrapaBAG.Plate09;EmbrapaBAG.Plate09_A12;A12;12A;BGM-1782;EMBRAPA;;Leaf;
06/26/2018;TP-BR-18-EMBRAPA-NextGen;EmbrapaBAG.Plate09;EmbrapaBAG.Plate09_B01;B01;01B;BGM-1783;EMBRAPA;;Leaf;
06/26/2018;TP-BR-18-EMBRAPA-NextGen;EmbrapaBAG.Plate09;EmbrapaBAG.Plate09_B02;B02;02B;BGM-1784;EMBRAPA;;Leaf;
06/26/2018;TP-BR-18-EMBRAPA-NextGen;EmbrapaBAG.Plate09;EmbrapaBAG.Plate09_B03;B03;03B;BGM-1794;EMBRAPA;;Leaf;
06/26/2018;TP-BR-18-EMBRAPA-NextGen;EmbrapaBAG.Plate09;EmbrapaBAG.Plate09_B04;B04;04B;BGM-1810;EMBRAPA;;Leaf;
06/26/2018;TP-BR-18-EMBRAPA-NextGen;EmbrapaBAG.Plate09;EmbrapaBAG.Plate09_B05;B05;05B;BGM-1814;EMBRAPA;;Leaf;
06/26/2018;TP-BR-18-EMBRAPA-NextGen;EmbrapaBAG.Plate09;EmbrapaBAG.Plate09_B06;B06;06B;BGM-1816;EMBRAPA;;Leaf;
06/26/2018;TP-BR-18-EMBRAPA-NextGen;EmbrapaBAG.Plate09;EmbrapaBAG.Plate09_B07;B07;07B;BGM-1817;EMBRAPA;;Leaf;
06/26/2018;TP-BR-18-EMBRAPA-NextGen;EmbrapaBAG.Plate09;EmbrapaBAG.Plate09_B08;B08;08B;BGM-1818;EMBRAPA;;Leaf;
06/26/2018;TP-BR-18-EMBRAPA-NextGen;EmbrapaBAG.Plate09;EmbrapaBAG.Plate09_B09;B09;09B;BGM-1819;EMBRAPA;;Leaf;
06/26/2018;TP-BR-18-EMBRAPA-NextGen;EmbrapaBAG.Plate09;EmbrapaBAG.Plate09_B10;B10;10B;BGM-1821;EMBRAPA;;Leaf;
06/26/2018;TP-BR-18-EMBRAPA-NextGen;EmbrapaBAG.Plate09;EmbrapaBAG.Plate09_B11;B11;11B;BGM-1822;EMBRAPA;;Leaf;
06/26/2018;TP-BR-18-EMBRAPA-NextGen;EmbrapaBAG.Plate09;EmbrapaBAG.Plate09_B12;B12;12B;BGM-1832;EMBRAPA;;Leaf;
06/26/2018;TP-BR-18-EMBRAPA-NextGen;EmbrapaBAG.Plate09;EmbrapaBAG.Plate09_C01;C01;01C;BGM-1834;EMBRAPA;;Leaf;
06/26/2018;TP-BR-18-EMBRAPA-NextGen;EmbrapaBAG.Plate09;EmbrapaBAG.Plate09_C02;C02;02C;BGM-1835;EMBRAPA;;Leaf;
06/26/2018;TP-BR-18-EMBRAPA-NextGen;EmbrapaBAG.Plate09;EmbrapaBAG.Plate09_C03;C03;03C;BGM-1847;EMBRAPA;;Leaf;
06/26/2018;TP-BR-18-EMBRAPA-NextGen;EmbrapaBAG.Plate09;EmbrapaBAG.Plate09_C04;C04;04C;BGM-1866;EMBRAPA;;Leaf;
06/26/2018;TP-BR-18-EMBRAPA-NextGen;EmbrapaBAG.Plate09;EmbrapaBAG.Plate09_C05;C05;05C;BGM-1876;EMBRAPA;;Leaf;
06/26/2018;TP-BR-18-EMBRAPA-NextGen;EmbrapaBAG.Plate09;EmbrapaBAG.Plate09_C06;C06;06C;BGM-1878;EMBRAPA;;Leaf;
06/26/2018;TP-BR-18-EMBRAPA-NextGen;EmbrapaBAG.Plate09;EmbrapaBAG.Plate09_C07;C07;07C;BGM-1880;EMBRAPA;;Leaf;
06/26/2018;TP-BR-18-EMBRAPA-NextGen;EmbrapaBAG.Plate09;EmbrapaBAG.Plate09_C08;C08;08C;BGM-1881;EMBRAPA;;Leaf;
06/26/2018;TP-BR-18-EMBRAPA-NextGen;EmbrapaBAG.Plate09;EmbrapaBAG.Plate09_C09;C09;09C;BGM-1884;EMBRAPA;;Leaf;
06/26/2018;TP-BR-18-EMBRAPA-NextGen;EmbrapaBAG.Plate09;EmbrapaBAG.Plate09_C10;C10;10C;BGM-1942;EMBRAPA;;Leaf;
06/26/2018;TP-BR-18-EMBRAPA-NextGen;EmbrapaBAG.Plate09;EmbrapaBAG.Plate09_C11;C11;11C;BGM-1956;EMBRAPA;;Leaf;
06/26/2018;TP-BR-18-EMBRAPA-NextGen;EmbrapaBAG.Plate09;EmbrapaBAG.Plate09_C12;C12;12C;BGM-1957;EMBRAPA;;Leaf;
06/26/2018;TP-BR-18-EMBRAPA-NextGen;EmbrapaBAG.Plate09;EmbrapaBAG.Plate09_D01;D01;01D;BGM-1962;EMBRAPA;;Leaf;
06/26/2018;TP-BR-18-EMBRAPA-NextGen;EmbrapaBAG.Plate09;EmbrapaBAG.Plate09_D02;D02;02D;BGM-1980;EMBRAPA;;Leaf;
06/26/2018;TP-BR-18-EMBRAPA-NextGen;EmbrapaBAG.Plate09;EmbrapaBAG.Plate09_D03;D03;03D;BGM-1985;EMBRAPA;;Leaf;
06/26/2018;TP-BR-18-EMBRAPA-NextGen;EmbrapaBAG.Plate09;EmbrapaBAG.Plate09_D04;D04;04D;BGM-1999;EMBRAPA;;Leaf;
06/26/2018;TP-BR-18-EMBRAPA-NextGen;EmbrapaBAG.Plate09;EmbrapaBAG.Plate09_D05;D05;05D;BGM-2019;EMBRAPA;;Leaf;
06/26/2018;TP-BR-18-EMBRAPA-NextGen;EmbrapaBAG.Plate09;EmbrapaBAG.Plate09_D06;D06;06D;BGM-2022;EMBRAPA;;Leaf;
06/26/2018;TP-BR-18-EMBRAPA-NextGen;EmbrapaBAG.Plate09;EmbrapaBAG.Plate09_D07;D07;07D;BGM-2028;EMBRAPA;;Leaf;
06/26/2018;TP-BR-18-EMBRAPA-NextGen;EmbrapaBAG.Plate09;EmbrapaBAG.Plate09_D08;D08;08D;BGM-2030;EMBRAPA;;Leaf;
06/26/2018;TP-BR-18-EMBRAPA-NextGen;EmbrapaBAG.Plate09;EmbrapaBAG.Plate09_D09;D09;09D;BGM-2032;EMBRAPA;;Leaf;
06/26/2018;TP-BR-18-EMBRAPA-NextGen;EmbrapaBAG.Plate09;EmbrapaBAG.Plate09_D10;D10;10D;BGM-2035;EMBRAPA;;Leaf;
06/26/2018;TP-BR-18-EMBRAPA-NextGen;EmbrapaBAG.Plate09;EmbrapaBAG.Plate09_D11;D11;11D;BGM-2047;EMBRAPA;;Leaf;
06/26/2018;TP-BR-18-EMBRAPA-NextGen;EmbrapaBAG.Plate09;EmbrapaBAG.Plate09_D12;D12;12D;BGM-2048;EMBRAPA;;Leaf;
06/26/2018;TP-BR-18-EMBRAPA-NextGen;EmbrapaBAG.Plate09;EmbrapaBAG.Plate09_E01;E01;01E;BGM-2053;EMBRAPA;;Leaf;
06/26/2018;TP-BR-18-EMBRAPA-NextGen;EmbrapaBAG.Plate09;EmbrapaBAG.Plate09_E02;E02;02E;BGM-2054;EMBRAPA;;Leaf;
06/26/2018;TP-BR-18-EMBRAPA-NextGen;EmbrapaBAG.Plate09;EmbrapaBAG.Plate09_E03;E03;03E;BGM-2055;EMBRAPA;;Leaf;
06/26/2018;TP-BR-18-EMBRAPA-NextGen;EmbrapaBAG.Plate09;EmbrapaBAG.Plate09_E04;E04;04E;BGM-2059;EMBRAPA;;Leaf;
06/26/2018;TP-BR-18-EMBRAPA-NextGen;EmbrapaBAG.Plate09;EmbrapaBAG.Plate09_E05;E05;05E;BGM-2060;EMBRAPA;;Leaf;
06/26/2018;TP-BR-18-EMBRAPA-NextGen;EmbrapaBAG.Plate09;EmbrapaBAG.Plate09_E06;E06;06E;BGM-2061;EMBRAPA;;Leaf;
06/26/2018;TP-BR-18-EMBRAPA-NextGen;EmbrapaBAG.Plate09;EmbrapaBAG.Plate09_E07;E07;07E;BGM-2063;EMBRAPA;;Leaf;
06/26/2018;TP-BR-18-EMBRAPA-NextGen;EmbrapaBAG.Plate09;EmbrapaBAG.Plate09_E08;E08;08E;BGM-2064;EMBRAPA;;Leaf;
06/26/2018;TP-BR-18-EMBRAPA-NextGen;EmbrapaBAG.Plate09;EmbrapaBAG.Plate09_E09;E09;09E;BGM-2065;EMBRAPA;;Leaf;
06/26/2018;TP-BR-18-EMBRAPA-NextGen;EmbrapaBAG.Plate09;EmbrapaBAG.Plate09_E10;E10;10E;BGM-2066;EMBRAPA;;Leaf;
06/26/2018;TP-BR-18-EMBRAPA-NextGen;EmbrapaBAG.Plate09;EmbrapaBAG.Plate09_E11;E11;11E;BGM-2069;EMBRAPA;;Leaf;
06/26/2018;TP-BR-18-EMBRAPA-NextGen;EmbrapaBAG.Plate09;EmbrapaBAG.Plate09_E12;E12;12E;BGM-2072;EMBRAPA;;Leaf;
06/26/2018;TP-BR-18-EMBRAPA-NextGen;EmbrapaBAG.Plate09;EmbrapaBAG.Plate09_F01;F01;01F;BGM-2073;EMBRAPA;;Leaf;
06/26/2018;TP-BR-18-EMBRAPA-NextGen;EmbrapaBAG.Plate09;EmbrapaBAG.Plate09_F02;F02;02F;BGM-2074;EMBRAPA;;Leaf;
06/26/2018;TP-BR-18-EMBRAPA-NextGen;EmbrapaBAG.Plate09;EmbrapaBAG.Plate09_F03;F03;03F;BGM-2076;EMBRAPA;;Leaf;
06/26/2018;TP-BR-18-EMBRAPA-NextGen;EmbrapaBAG.Plate09;EmbrapaBAG.Plate09_F04;F04;04F;BGM-2078;EMBRAPA;;Leaf;
06/26/2018;TP-BR-18-EMBRAPA-NextGen;EmbrapaBAG.Plate09;EmbrapaBAG.Plate09_F05;F05;05F;BGM-2079;EMBRAPA;;Leaf;
06/26/2018;TP-BR-18-EMBRAPA-NextGen;EmbrapaBAG.Plate09;EmbrapaBAG.Plate09_F06;F06;06F;BGM-2080;EMBRAPA;;Leaf;
06/26/2018;TP-BR-18-EMBRAPA-NextGen;EmbrapaBAG.Plate09;EmbrapaBAG.Plate09_F07;F07;07F;BGM-2082;EMBRAPA;;Leaf;
06/26/2018;TP-BR-18-EMBRAPA-NextGen;EmbrapaBAG.Plate09;EmbrapaBAG.Plate09_F08;F08;08F;BGM-2083;EMBRAPA;;Leaf;
06/26/2018;TP-BR-18-EMBRAPA-NextGen;EmbrapaBAG.Plate09;EmbrapaBAG.Plate09_F09;F09;09F;BGM-2086;EMBRAPA;;Leaf;
06/26/2018;TP-BR-18-EMBRAPA-NextGen;EmbrapaBAG.Plate09;EmbrapaBAG.Plate09_F10;F10;10F;BGM-2095;EMBRAPA;;Leaf;
06/26/2018;TP-BR-18-EMBRAPA-NextGen;EmbrapaBAG.Plate09;EmbrapaBAG.Plate09_F11;F11;11F;BGM-2102;EMBRAPA;;Leaf;
06/26/2018;TP-BR-18-EMBRAPA-NextGen;EmbrapaBAG.Plate09;EmbrapaBAG.Plate09_F12;F12;12F;BRS-Caipira;EMBRAPA;;Leaf;
06/26/2018;TP-BR-18-EMBRAPA-NextGen;EmbrapaBAG.Plate09;EmbrapaBAG.Plate09_G01;G01;01G;BRS-Dourada;EMBRAPA;;Leaf;
06/26/2018;TP-BR-18-EMBRAPA-NextGen;EmbrapaBAG.Plate09;EmbrapaBAG.Plate09_G02;G02;02G;BRS-Gema-de-Ovo;EMBRAPA;;Leaf;
06/26/2018;TP-BR-18-EMBRAPA-NextGen;EmbrapaBAG.Plate09;EmbrapaBAG.Plate09_G03;G03;03G;BRS-Jari;EMBRAPA;;Leaf;
06/26/2018;TP-BR-18-EMBRAPA-NextGen;EmbrapaBAG.Plate09;EmbrapaBAG.Plate09_G04;G04;04G;BRS-Poti-Branca;EMBRAPA;;Leaf;
06/26/2018;TP-BR-18-EMBRAPA-NextGen;EmbrapaBAG.Plate09;EmbrapaBAG.Plate09_G05;G05;05G;BRS-Verdinha;EMBRAPA;;Leaf;
06/26/2018;TP-BR-18-EMBRAPA-NextGen;EmbrapaBAG.Plate09;EmbrapaBAG.Plate09_G06;G06;06G;BGM-2081;EMBRAPA;;Leaf;
06/26/2018;TP-BR-18-EMBRAPA-NextGen;EmbrapaBAG.Plate09;EmbrapaBAG.Plate09_G07;G07;07G;BGM-2111;EMBRAPA;;Leaf;
06/26/2018;TP-BR-18-EMBRAPA-NextGen;EmbrapaBAG.Plate09;EmbrapaBAG.Plate09_G08;G08;08G;BGM-2119;EMBRAPA;;Leaf;
06/26/2018;TP-BR-18-EMBRAPA-NextGen;EmbrapaBAG.Plate09;EmbrapaBAG.Plate09_G09;G09;09G;BRS-AmansaBurro;EMBRAPA;;Leaf;
06/26/2018;TP-BR-18-EMBRAPA-NextGen;EmbrapaBAG.Plate09;EmbrapaBAG.Plate09_G10;G10;10G;BGM-0249;EMBRAPA;;Leaf;
06/26/2018;TP-BR-18-EMBRAPA-NextGen;EmbrapaBAG.Plate09;EmbrapaBAG.Plate09_G11;G11;11G;BGM-0017;EMBRAPA;;Leaf;
06/26/2018;TP-BR-18-EMBRAPA-NextGen;EmbrapaBAG.Plate09;EmbrapaBAG.Plate09_G12;G12;12G;BLANK__G12;EMBRAPA;;Leaf;
06/26/2018;TP-BR-18-EMBRAPA-NextGen;EmbrapaBAG.Plate09;EmbrapaBAG.Plate09_H01;H01;01H;BGM-0121;EMBRAPA;;Leaf;
06/26/2018;TP-BR-18-EMBRAPA-NextGen;EmbrapaBAG.Plate09;EmbrapaBAG.Plate09_H02;H02;02H;BGM-0869;EMBRAPA;;Leaf;
06/26/2018;TP-BR-18-EMBRAPA-NextGen;EmbrapaBAG.Plate09;EmbrapaBAG.Plate09_H03;H03;03H;BGM-1028;EMBRAPA;;Leaf;
06/26/2018;TP-BR-18-EMBRAPA-NextGen;EmbrapaBAG.Plate09;EmbrapaBAG.Plate09_H04;H04;04H;BGM-0043;EMBRAPA;;Leaf;
06/26/2018;TP-BR-18-EMBRAPA-NextGen;EmbrapaBAG.Plate09;EmbrapaBAG.Plate09_H05;H05;05H;BGM-0182;EMBRAPA;;Leaf;
06/26/2018;TP-BR-18-EMBRAPA-NextGen;EmbrapaBAG.Plate09;EmbrapaBAG.Plate09_H06;H06;06H;BGM-0533;EMBRAPA;;Leaf;
06/26/2018;TP-BR-18-EMBRAPA-NextGen;EmbrapaBAG.Plate09;EmbrapaBAG.Plate09_H07;H07;07H;BGM-0737;EMBRAPA;;Leaf;
06/26/2018;TP-BR-18-EMBRAPA-NextGen;EmbrapaBAG.Plate09;EmbrapaBAG.Plate09_H08;H08;08H;BGM-0895;EMBRAPA;;Leaf;
06/26/2018;TP-BR-18-EMBRAPA-NextGen;EmbrapaBAG.Plate09;EmbrapaBAG.Plate09_H09;H09;09H;BGM-0929;EMBRAPA;;Leaf;
06/26/2018;TP-BR-18-EMBRAPA-NextGen;EmbrapaBAG.Plate09;EmbrapaBAG.Plate09_H10;H10;10H;BGM-1595;EMBRAPA;;Leaf;
06/26/2018;TP-BR-18-EMBRAPA-NextGen;EmbrapaBAG.Plate09;EmbrapaBAG.Plate09_H11;H11;11H;Valencia;EMBRAPA;;Leaf;
06/26/2018;TP-BR-18-EMBRAPA-NextGen;EmbrapaBAG.Plate09;EmbrapaBAG.Plate09_H12;H12;12H;BLANK__H12;EMBRAPA;;Leaf;
06/26/2018;TP-BR-18-EMBRAPA-NextGen;EmbrapaBAG.Plate10;EmbrapaBAG.Plate10_A01;A01;01A;BGM-0248;EMBRAPA;;Leaf;
06/26/2018;TP-BR-18-EMBRAPA-NextGen;EmbrapaBAG.Plate10;EmbrapaBAG.Plate10_A02;A02;02A;Baianinha;EMBRAPA;;Leaf;
06/26/2018;TP-BR-18-EMBRAPA-NextGen;EmbrapaBAG.Plate10;EmbrapaBAG.Plate10_A03;A03;03A;Cascuda;EMBRAPA;;Leaf;
06/26/2018;TP-BR-18-EMBRAPA-NextGen;EmbrapaBAG.Plate10;EmbrapaBAG.Plate10_A04;A04;04A;Fecula-Branca;EMBRAPA;;Leaf;
06/26/2018;TP-BR-18-EMBRAPA-NextGen;EmbrapaBAG.Plate10;EmbrapaBAG.Plate10_A05;A05;05A;BGM-0830-TVER;EMBRAPA;;Leaf;
06/26/2018;TP-BR-18-EMBRAPA-NextGen;EmbrapaBAG.Plate10;EmbrapaBAG.Plate10_A06;A06;06A;BGM-0611;EMBRAPA;;Leaf;
06/26/2018;TP-BR-18-EMBRAPA-NextGen;EmbrapaBAG.Plate10;EmbrapaBAG.Plate10_A07;A07;07A;BGM-06111;EMBRAPA;;Leaf;
06/26/2018;TP-BR-18-EMBRAPA-NextGen;EmbrapaBAG.Plate10;EmbrapaBAG.Plate10_A08;A08;08A;BGM-0022 T.Bco;EMBRAPA;;Leaf;
06/26/2018;TP-BR-18-EMBRAPA-NextGen;EmbrapaBAG.Plate10;EmbrapaBAG.Plate10_A09;A09;09A;BGM-0022 T.Rx;EMBRAPA;;Leaf;
06/26/2018;TP-BR-18-EMBRAPA-NextGen;EmbrapaBAG.Plate10;EmbrapaBAG.Plate10_A10;A10;10A;BGM-0113 RcxCr;EMBRAPA;;Leaf;
06/26/2018;TP-BR-18-EMBRAPA-NextGen;EmbrapaBAG.Plate10;EmbrapaBAG.Plate10_A11;A11;11A;BGM-0113 RcxRos;EMBRAPA;;Leaf;
06/26/2018;TP-BR-18-EMBRAPA-NextGen;EmbrapaBAG.Plate10;EmbrapaBAG.Plate10_A12;A12;12A;BGM-0115 TB;EMBRAPA;;Leaf;
06/26/2018;TP-BR-18-EMBRAPA-NextGen;EmbrapaBAG.Plate10;EmbrapaBAG.Plate10_B01;B01;01B;BGM-0115 TR;EMBRAPA;;Leaf;
06/26/2018;TP-BR-18-EMBRAPA-NextGen;EmbrapaBAG.Plate10;EmbrapaBAG.Plate10_B02;B02;02B;BGM-0150A;EMBRAPA;;Leaf;
06/26/2018;TP-BR-18-EMBRAPA-NextGen;EmbrapaBAG.Plate10;EmbrapaBAG.Plate10_B03;B03;03B;BGM-0152A;EMBRAPA;;Leaf;
06/26/2018;TP-BR-18-EMBRAPA-NextGen;EmbrapaBAG.Plate10;EmbrapaBAG.Plate10_B04;B04;04B;BGM-0152-B;EMBRAPA;;Leaf;
06/26/2018;TP-BR-18-EMBRAPA-NextGen;EmbrapaBAG.Plate10;EmbrapaBAG.Plate10_B05;B05;05B;BGM-0780(B);EMBRAPA;;Leaf;
06/26/2018;TP-BR-18-EMBRAPA-NextGen;EmbrapaBAG.Plate10;EmbrapaBAG.Plate10_B06;B06;06B;BGM-0780(E);EMBRAPA;;Leaf;
06/26/2018;TP-BR-18-EMBRAPA-NextGen;EmbrapaBAG.Plate10;EmbrapaBAG.Plate10_B07;B07;07B;BGM-0830;EMBRAPA;;Leaf;
06/26/2018;TP-BR-18-EMBRAPA-NextGen;EmbrapaBAG.Plate10;EmbrapaBAG.Plate10_B08;B08;08B;BGM-0830 TB;EMBRAPA;;Leaf;
06/26/2018;TP-BR-18-EMBRAPA-NextGen;EmbrapaBAG.Plate10;EmbrapaBAG.Plate10_B09;B09;09B;BGM-0856 CCr;EMBRAPA;;Leaf;
06/26/2018;TP-BR-18-EMBRAPA-NextGen;EmbrapaBAG.Plate10;EmbrapaBAG.Plate10_B10;B10;10B;BGM-0856 CRx;EMBRAPA;;Leaf;
06/26/2018;TP-BR-18-EMBRAPA-NextGen;EmbrapaBAG.Plate10;EmbrapaBAG.Plate10_B11;B11;11B;BGM-1176(M);EMBRAPA;;Leaf;
06/26/2018;TP-BR-18-EMBRAPA-NextGen;EmbrapaBAG.Plate10;EmbrapaBAG.Plate10_B12;B12;12B;BGM-1262C;EMBRAPA;;Leaf;
06/26/2018;TP-BR-18-EMBRAPA-NextGen;EmbrapaBAG.Plate10;EmbrapaBAG.Plate10_C01;C01;01C;BGM-1262E;EMBRAPA;;Leaf;
06/26/2018;TP-BR-18-EMBRAPA-NextGen;EmbrapaBAG.Plate10;EmbrapaBAG.Plate10_C02;C02;02C;BGM-1502(M);EMBRAPA;;Leaf;
06/26/2018;TP-BR-18-EMBRAPA-NextGen;EmbrapaBAG.Plate10;EmbrapaBAG.Plate10_C03;C03;03C;BGM-1722(D);EMBRAPA;;Leaf;
06/26/2018;TP-BR-18-EMBRAPA-NextGen;EmbrapaBAG.Plate10;EmbrapaBAG.Plate10_C04;C04;04C;BGM-1759(B);EMBRAPA;;Leaf;
06/26/2018;TP-BR-18-EMBRAPA-NextGen;EmbrapaBAG.Plate10;EmbrapaBAG.Plate10_C05;C05;05C;BGM-0150-B;EMBRAPA;;Leaf;
06/26/2018;TP-BR-18-EMBRAPA-NextGen;EmbrapaBAG.Plate10;EmbrapaBAG.Plate10_C06;C06;06C;BGM-0082;EMBRAPA;;Leaf;
06/26/2018;TP-BR-18-EMBRAPA-NextGen;EmbrapaBAG.Plate10;EmbrapaBAG.Plate10_C07;C07;07C;BGM-0165;EMBRAPA;;Leaf;
06/26/2018;TP-BR-18-EMBRAPA-NextGen;EmbrapaBAG.Plate10;EmbrapaBAG.Plate10_C08;C08;08C;BGM-0177;EMBRAPA;;Leaf;
06/26/2018;TP-BR-18-EMBRAPA-NextGen;EmbrapaBAG.Plate10;EmbrapaBAG.Plate10_C09;C09;09C;Manzhitil;EMBRAPA;;Leaf;
06/26/2018;TP-BR-18-EMBRAPA-NextGen;EmbrapaBAG.Plate10;EmbrapaBAG.Plate10_C10;C10;10C;BGM-0271;EMBRAPA;;Leaf;
06/26/2018;TP-BR-18-EMBRAPA-NextGen;EmbrapaBAG.Plate10;EmbrapaBAG.Plate10_C11;C11;11C;BGM-0276;EMBRAPA;;Leaf;
06/26/2018;TP-BR-18-EMBRAPA-NextGen;EmbrapaBAG.Plate10;EmbrapaBAG.Plate10_C12;C12;12C;BGM-0312;EMBRAPA;;Leaf;
06/26/2018;TP-BR-18-EMBRAPA-NextGen;EmbrapaBAG.Plate10;EmbrapaBAG.Plate10_D01;D01;01D;BGM-0365;EMBRAPA;;Leaf;
06/26/2018;TP-BR-18-EMBRAPA-NextGen;EmbrapaBAG.Plate10;EmbrapaBAG.Plate10_D02;D02;02D;BGM-0890;EMBRAPA;;Leaf;
06/26/2018;TP-BR-18-EMBRAPA-NextGen;EmbrapaBAG.Plate10;EmbrapaBAG.Plate10_D03;D03;03D;BGM-0927;EMBRAPA;;Leaf;
06/26/2018;TP-BR-18-EMBRAPA-NextGen;EmbrapaBAG.Plate10;EmbrapaBAG.Plate10_D04;D04;04D;BGM-0931;EMBRAPA;;Leaf;
06/26/2018;TP-BR-18-EMBRAPA-NextGen;EmbrapaBAG.Plate10;EmbrapaBAG.Plate10_D05;D05;05D;BGM-1186;EMBRAPA;;Leaf;
06/26/2018;TP-BR-18-EMBRAPA-NextGen;EmbrapaBAG.Plate10;EmbrapaBAG.Plate10_D06;D06;06D;BGM-1212;EMBRAPA;;Leaf;
06/26/2018;TP-BR-18-EMBRAPA-NextGen;EmbrapaBAG.Plate10;EmbrapaBAG.Plate10_D07;D07;07D;BGM-1218;EMBRAPA;;Leaf;
06/26/2018;TP-BR-18-EMBRAPA-NextGen;EmbrapaBAG.Plate10;EmbrapaBAG.Plate10_D08;D08;08D;BGM-1490;EMBRAPA;;Leaf;
06/26/2018;TP-BR-18-EMBRAPA-NextGen;EmbrapaBAG.Plate10;EmbrapaBAG.Plate10_D09;D09;09D;BGM-0053;EMBRAPA;;Leaf;
06/26/2018;TP-BR-18-EMBRAPA-NextGen;EmbrapaBAG.Plate10;EmbrapaBAG.Plate10_D10;D10;10D;BGM-0307;EMBRAPA;;Leaf;
06/26/2018;TP-BR-18-EMBRAPA-NextGen;EmbrapaBAG.Plate10;EmbrapaBAG.Plate10_D11;D11;11D;BGM-0669;EMBRAPA;;Leaf;
06/26/2018;TP-BR-18-EMBRAPA-NextGen;EmbrapaBAG.Plate10;EmbrapaBAG.Plate10_D12;D12;12D;BGM-1376;EMBRAPA;;Leaf;
06/26/2018;TP-BR-18-EMBRAPA-NextGen;EmbrapaBAG.Plate10;EmbrapaBAG.Plate10_E01;E01;01E;BGM-0082?;EMBRAPA;;Leaf;
06/26/2018;TP-BR-18-EMBRAPA-NextGen;EmbrapaBAG.Plate10;EmbrapaBAG.Plate10_E02;E02;02E;BGM-0271?;EMBRAPA;;Leaf;
06/26/2018;TP-BR-18-EMBRAPA-NextGen;EmbrapaBAG.Plate10;EmbrapaBAG.Plate10_E03;E03;03E;BGM-0276?;EMBRAPA;;Leaf;
06/26/2018;TP-BR-18-EMBRAPA-NextGen;EmbrapaBAG.Plate10;EmbrapaBAG.Plate10_E04;E04;04E;BGM-0290?;EMBRAPA;;Leaf;
06/26/2018;TP-BR-18-EMBRAPA-NextGen;EmbrapaBAG.Plate10;EmbrapaBAG.Plate10_E05;E05;05E;BGM-0365?;EMBRAPA;;Leaf;
06/26/2018;TP-BR-18-EMBRAPA-NextGen;EmbrapaBAG.Plate10;EmbrapaBAG.Plate10_E06;E06;06E;BGM-0655.1?;EMBRAPA;;Leaf;
06/26/2018;TP-BR-18-EMBRAPA-NextGen;EmbrapaBAG.Plate10;EmbrapaBAG.Plate10_E07;E07;07E;BGM-0737?;EMBRAPA;;Leaf;
06/26/2018;TP-BR-18-EMBRAPA-NextGen;EmbrapaBAG.Plate10;EmbrapaBAG.Plate10_E08;E08;08E;BGM-0869?;EMBRAPA;;Leaf;
06/26/2018;TP-BR-18-EMBRAPA-NextGen;EmbrapaBAG.Plate10;EmbrapaBAG.Plate10_E09;E09;09E;BGM-0895?;EMBRAPA;;Leaf;
06/26/2018;TP-BR-18-EMBRAPA-NextGen;EmbrapaBAG.Plate10;EmbrapaBAG.Plate10_E10;E10;10E;BGM-1028?;EMBRAPA;;Leaf;
06/26/2018;TP-BR-18-EMBRAPA-NextGen;EmbrapaBAG.Plate10;EmbrapaBAG.Plate10_E11;E11;11E;BGM-1212?;EMBRAPA;;Leaf;
06/26/2018;TP-BR-18-EMBRAPA-NextGen;EmbrapaBAG.Plate10;EmbrapaBAG.Plate10_E12;E12;12E;BGM-0043?;EMBRAPA;;Leaf;
06/26/2018;TP-BR-18-EMBRAPA-NextGen;EmbrapaBAG.Plate10;EmbrapaBAG.Plate10_F01;F01;01F;BGM-0144?;EMBRAPA;;Leaf;
06/26/2018;TP-BR-18-EMBRAPA-NextGen;EmbrapaBAG.Plate10;EmbrapaBAG.Plate10_F02;F02;02F;BGM-0165.1?;EMBRAPA;;Leaf;
06/26/2018;TP-BR-18-EMBRAPA-NextGen;EmbrapaBAG.Plate10;EmbrapaBAG.Plate10_F03;F03;03F;BGM-0165.2?;EMBRAPA;;Leaf;
06/26/2018;TP-BR-18-EMBRAPA-NextGen;EmbrapaBAG.Plate10;EmbrapaBAG.Plate10_F04;F04;04F;BGM-0182?;EMBRAPA;;Leaf;
06/26/2018;TP-BR-18-EMBRAPA-NextGen;EmbrapaBAG.Plate10;EmbrapaBAG.Plate10_F05;F05;05F;BGM-0187?;EMBRAPA;;Leaf;
06/26/2018;TP-BR-18-EMBRAPA-NextGen;EmbrapaBAG.Plate10;EmbrapaBAG.Plate10_F06;F06;06F;BGM-0533?;EMBRAPA;;Leaf;
06/26/2018;TP-BR-18-EMBRAPA-NextGen;EmbrapaBAG.Plate10;EmbrapaBAG.Plate10_F07;F07;07F;BGM-0713?;EMBRAPA;;Leaf;
06/26/2018;TP-BR-18-EMBRAPA-NextGen;EmbrapaBAG.Plate10;EmbrapaBAG.Plate10_F08;F08;08F;BGM-0890?;EMBRAPA;;Leaf;
06/26/2018;TP-BR-18-EMBRAPA-NextGen;EmbrapaBAG.Plate10;EmbrapaBAG.Plate10_F09;F09;09F;BGM-0931?;EMBRAPA;;Leaf;
06/26/2018;TP-BR-18-EMBRAPA-NextGen;EmbrapaBAG.Plate10;EmbrapaBAG.Plate10_F10;F10;10F;BGM-1218?;EMBRAPA;;Leaf;
06/26/2018;TP-BR-18-EMBRAPA-NextGen;EmbrapaBAG.Plate10;EmbrapaBAG.Plate10_F11;F11;11F;BGM-1359?;EMBRAPA;;Leaf;
06/26/2018;TP-BR-18-EMBRAPA-NextGen;EmbrapaBAG.Plate10;EmbrapaBAG.Plate10_F12;F12;12F;Manzhitil?;EMBRAPA;;Leaf;
06/26/2018;TP-BR-18-EMBRAPA-NextGen;EmbrapaBAG.Plate10;EmbrapaBAG.Plate10_G01;G01;01G;SE-9;EMBRAPA;;Leaf;
06/26/2018;TP-BR-18-EMBRAPA-NextGen;EmbrapaBAG.Plate10;EmbrapaBAG.Plate10_G02;G02;02G;SE-1;EMBRAPA;;Leaf;
06/26/2018;TP-BR-18-EMBRAPA-NextGen;EmbrapaBAG.Plate10;EmbrapaBAG.Plate10_G03;G03;03G;SE-2;EMBRAPA;;Leaf;
06/26/2018;TP-BR-18-EMBRAPA-NextGen;EmbrapaBAG.Plate10;EmbrapaBAG.Plate10_G04;G04;04G;SE-3;EMBRAPA;;Leaf;
06/26/2018;TP-BR-18-EMBRAPA-NextGen;EmbrapaBAG.Plate10;EmbrapaBAG.Plate10_G05;G05;05G;SE-8;EMBRAPA;;Leaf;
06/26/2018;TP-BR-18-EMBRAPA-NextGen;EmbrapaBAG.Plate10;EmbrapaBAG.Plate10_G06;G06;06G;BGM-0655.2?;EMBRAPA;;Leaf;
06/26/2018;TP-BR-18-EMBRAPA-NextGen;EmbrapaBAG.Plate10;EmbrapaBAG.Plate10_G07;G07;07G;BGM-0077?;EMBRAPA;;Leaf;
06/26/2018;TP-BR-18-EMBRAPA-NextGen;EmbrapaBAG.Plate10;EmbrapaBAG.Plate10_G08;G08;08G;BGM-0929?;EMBRAPA;;Leaf;
06/26/2018;TP-BR-18-EMBRAPA-NextGen;EmbrapaBAG.Plate10;EmbrapaBAG.Plate10_G09;G09;09G;BGM-1025?;EMBRAPA;;Leaf;
06/26/2018;TP-BR-18-EMBRAPA-NextGen;EmbrapaBAG.Plate10;EmbrapaBAG.Plate10_G10;G10;10G;BGM-1360?;EMBRAPA;;Leaf;
06/26/2018;TP-BR-18-EMBRAPA-NextGen;EmbrapaBAG.Plate10;EmbrapaBAG.Plate10_G11;G11;11G;BGM-1511?;EMBRAPA;;Leaf;
06/26/2018;TP-BR-18-EMBRAPA-NextGen;EmbrapaBAG.Plate10;EmbrapaBAG.Plate10_G12;G12;12G;BLANK__G12;EMBRAPA;;Leaf;
06/26/2018;TP-BR-18-EMBRAPA-NextGen;EmbrapaBAG.Plate10;EmbrapaBAG.Plate10_H01;H01;01H;Aipim Abacate;EMBRAPA;;Leaf;
06/26/2018;TP-BR-18-EMBRAPA-NextGen;EmbrapaBAG.Plate10;EmbrapaBAG.Plate10_H02;H02;02H;BGM-0661;EMBRAPA;;Leaf;
06/26/2018;TP-BR-18-EMBRAPA-NextGen;EmbrapaBAG.Plate10;EmbrapaBAG.Plate10_H03;H03;03H;BGM-1130;EMBRAPA;;Leaf;
06/26/2018;TP-BR-18-EMBRAPA-NextGen;EmbrapaBAG.Plate10;EmbrapaBAG.Plate10_H04;H04;04H;BGM-1160;EMBRAPA;;Leaf;
06/26/2018;TP-BR-18-EMBRAPA-NextGen;EmbrapaBAG.Plate10;EmbrapaBAG.Plate10_H05;H05;05H;BGM-1268;EMBRAPA;;Leaf;
06/26/2018;TP-BR-18-EMBRAPA-NextGen;EmbrapaBAG.Plate10;EmbrapaBAG.Plate10_H06;H06;06H;BGM-1309;EMBRAPA;;Leaf;
06/26/2018;TP-BR-18-EMBRAPA-NextGen;EmbrapaBAG.Plate10;EmbrapaBAG.Plate10_H07;H07;07H;BGM-1583;EMBRAPA;;Leaf;
06/26/2018;TP-BR-18-EMBRAPA-NextGen;EmbrapaBAG.Plate10;EmbrapaBAG.Plate10_H08;H08;08H;BGM-2167;EMBRAPA;;Leaf;
06/26/2018;TP-BR-18-EMBRAPA-NextGen;EmbrapaBAG.Plate10;EmbrapaBAG.Plate10_H09;H09;09H;BGM-0464;EMBRAPA;;Leaf;
06/26/2018;TP-BR-18-EMBRAPA-NextGen;EmbrapaBAG.Plate10;EmbrapaBAG.Plate10_H10;H10;10H;Peru Preto;EMBRAPA;;Leaf;
06/26/2018;TP-BR-18-EMBRAPA-NextGen;EmbrapaBAG.Plate10;EmbrapaBAG.Plate10_H11;H11;11H;Maragojipe;EMBRAPA;;Leaf;
06/26/2018;TP-BR-18-EMBRAPA-NextGen;EmbrapaBAG.Plate10;EmbrapaBAG.Plate10_H12;H12;12H;BLANK__H12;EMBRAPA;;Leaf;
